sector,cagr_percent,forecast_year,source_name,source_url,confidence,notes
Agricultural Robotics,39.4,2032,SkyQuestT,https://www.skyquestt.com/report/agricultural-robots-market,high,
Agricultural Robotics,39.4,2032,SkyQuestT,https://www.skyquestt.com/report/agricultural-robots-market,high,
Agricultural Robotics,26.0,2030,Markets and Markets,https://www.marketsandmarkets.com/Market-Reports/agricultural-robot-market-173601759.html,high,
Agricultural Robotics,24.78,2035,Roots Analysis,https://www.rootsanalysis.com/agriculture-robots-market,high,
Agricultural Robotics,24.78,2035,Roots Analysis,https://www.rootsanalysis.com/agriculture-robots-market,high,
Agricultural Robotics,24.6,2030,Mordor Intelligence,https://www.mordorintelligence.com/industry-reports/agricultural-robots-market,high,
Agricultural Robotics,24.6,2030,Mordor Intelligence,https://www.mordorintelligence.com/industry-reports/agricultural-robots-market,high,
Agricultural Robotics,23.0,2030,Grand View Research,https://www.grandviewresearch.com/industry-analysis/agricultural-robots-market,high,
Agricultural Robotics,18.4,2032,SNS Insider,https://www.snsinsider.com/reports/agriculture-robots-market-2548,high,
Agricultural Robotics,18.3,2032,Fortune Business Insights,https://www.fortunebusinessinsights.com/agricultural-robots-market-109044,high,
Agricultural Robotics,15.81,2032,Market Research Future,https://www.marketresearchfuture.com/reports/agriculture-robots-market-10147,high,
Agricultural Robotics,15.4,2033,IMARC Group,https://www.imarcgroup.com/agricultural-robots-market,high,
Construction Robotics,18.0,2030,Grand View Research,https://www.grandviewresearch.com/industry-analysis/construction-robots-market-report,high,CAGR from 2025 to 2030
Construction Robotics,17.5,2030,Grand View Research,https://www.grandviewresearch.com/horizon/outlook/construction-robots-market-size/global,high,CAGR from 2024 to 2030
Construction Robotics,15.5,2030,Mordor Intelligence,https://www.mordorintelligence.com/industry-reports/construction-robots-market,high,CAGR from 2025 to 2030
Construction Robotics,15.3,2035,ResearchNester,https://www.researchnester.com/reports/construction-robots-market/5225,high,CAGR from 2025 to 2035
Construction Robotics,14.6,2030,IndustryARC,https://www.industryarc.com/Research/Construction-Robot-Market-Research-505446,high,CAGR from 2024 to 2030
Construction Robotics,14.4,2032,Research and Markets,https://www.researchandmarkets.com/report/construction-robotics,high,CAGR from 2023 to 2032
Construction Robotics,14.2,2033,Straits Research,https://straitsresearch.com/report/construction-robotics-market,high,CAGR from 2025 to 2033
Construction Robotics,10.5,2034,Reports and Data,https://www.reportsanddata.com/report-detail/construction-robotics-market,high,CAGR from 2025 to 2034
Industrial Robotics,14.2,2030,Polaris Market Research,https://www.polarismarketresearch.com/industry-analysis/industrial-robotics-market,high,CAGR from 2022 to 2030
Industrial Robotics,14.19,2032,Fortune Business Insights,https://www.fortunebusinessinsights.com/industry-reports/industrial-robots-market-100360,high,CAGR from 2025 to 2032
Industrial Robotics,13.8,2034,Precedence Research,https://www.precedenceresearch.com/industrial-robotics-market,high,CAGR from 2025 to 2034
Industrial Robotics,13.3,2034,GMI Insights,https://www.gminsights.com/industry-analysis/industrial-robotics-market,high,CAGR from 2025 to 2034
Industrial Robotics,13.0,2030,Wissen Research via GlobeNewswire,https://www.globenewswire.com/news-release/2026/01/21/3222423/0/en/Industrial-Robotics-market-to-grow-at-a-CAGR-of-13-during-the-forecast-period-2025-2030-Wissen-Research.html,high,CAGR from 2025 to 2030
Industrial Robotics,12.6,2032,Allied Market Research,https://www.alliedmarketresearch.com/industrial-robotics-market,high,CAGR from 2023 to 2032
Industrial Robotics,12.55,2032,SNS Insider,https://www.snsinsider.com/reports/industrial-robotics-market-1058,high,CAGR from 2024 to 2032
Industrial Robotics,11.7,2029,Markets and Markets,https://www.marketsandmarkets.com/Market-Reports/Industrial-Robotics-Market-643.html,high,CAGR from 2025 to 2029
Industrial Robotics,10.51,2035,Roots Analysis,https://www.rootsanalysis.com/industrial-robotics-market,high,CAGR from 2024 to 2035
Industrial Robotics,10.5,2032,Data Bridge Market Research,https://www.databridgemarketresearch.com/reports/global-industrial-robots-market,high,CAGR from 2025 to 2032
Industrial Robotics,9.9,2030,Grand View Research,https://www.grandviewresearch.com/industry-analysis/industrial-robotics-market,high,CAGR from 2025 to 2030
Logistics Robotics,25.56,2032,Market Research Future,https://www.marketresearchfuture.com/reports/logistics-robots-market-24621,high,CAGR for the forecast period
Logistics Robotics,24.66,2030,Data Bridge Market Research,https://www.databridgemarketresearch.com/reports/global-logistics-robots-market,high,CAGR for 2023-2030
Logistics Robotics,18.74,2033,IMARC Group,https://www.imarcgroup.com/logistics-robots-market,high,CAGR for 2025-2033
Logistics Robotics,16.7,2029,Fortune Business Insights,https://www.fortunebusinessinsights.com/logistics-robots-market-102923,high,CAGR for 2022-2029
Logistics Robotics,16.7,2032,SkyQuestT,https://www.skyquestt.com/report/logistics-robots-market,high,CAGR for the forecast period
Logistics Robotics,16.47,2032,SNS Insider,https://www.snsinsider.com/reports/logistics-robots-market-3816,high,CAGR for the forecast period 2024-2032
Logistics Robotics,16.2,2035,Market.US,https://market.us/report/global-logistics-robots-market/,high,CAGR for 2026-2035
Logistics Robotics,15.9,2030,Grand View Research,https://www.grandviewresearch.com/industry-analysis/logistics-robot-market-report,high,CAGR for 2025-2030
Logistics Robotics,15.9,2034,Statifacts,https://www.statifacts.com/outlook/logistics-robotics-market,high,CAGR for 2025-2034
Logistics Robotics,15.35,2031,GlobeNewswire,https://www.globenewswire.com/news-release/2026/01/28/3227298/0/en/Warehouse-Automation-Industry-Research-2026-Global-Market-Size-Share-Trends-Opportunities-and-Forecasts-2021-2025-2026-2031.html,high,CAGR for 2025-2031
Logistics Robotics,12.3,2033,FactMR,https://www.factmr.com/report/logistics-robot-market,high,CAGR for 2023-2033
Mobile Robotics,29.2,2033,Market Growth Reports,https://www.marketgrowthreports.com/market-reports/autonomous-mobile-robots-market-100278,high,
Mobile Robotics,28.48,2030,Mordor Intelligence,https://www.mordorintelligence.com/industry-reports/global-mobile-robots-market,high,
Mobile Robotics,23.1,2032,SkyQuestT,https://www.skyquestt.com/report/mobile-robots-market,high,
Mobile Robotics,22.33,2033,Straits Research,https://straitsresearch.com/report/mobile-robots-market,high,
Mobile Robotics,20.7,2030,OpenPR,https://www.openpr.com/news/4348137/mobile-robotics-market-to-reach-usd-73-68-billion-by-2030,high,
Mobile Robotics,19.8,2032,GlobeNewswire (Allied Market Research),https://www.globenewswire.com/news-release/2025/02/04/3020533/0/en/Mobile-Robotics-Market-to-Reach-99-2-billion-Globally-by-2032-at-19-8-CAGR-Allied-Market-Research.html,high,
Mobile Robotics,15.6,2032,Polaris Market Research,https://www.polarismarketresearch.com/industry-analysis/autonomous-mobile-robot-market,high,
Mobile Robotics,15.3,2030,RoboticsTomorrow,https://www.roboticstomorrow.com/news/2025/04/22/autonomous-mobile-robots-market-analysis-349b-valuation-by-2023-153-cagr-predicted-to-2030/24623/,high,
Mobile Robotics,15.1,2030,Grand View Research,https://www.grandviewresearch.com/industry-analysis/autonomous-mobile-robots-market,high,
Mobile Robotics,11.83,2035,Roots Analysis,https://www.rootsanalysis.com/mobile-robots-market,high,
Mobile Robotics,10.4,2030,NextMSC,https://www.nextmsc.com/report/mobile-robotics-market,high,
Service Robotics,21.21,2032,Verified Market Research,https://www.verifiedmarketresearch.com/product/global-service-robotics-market-size-and-forecast/,high,CAGR from 2026 to 2032
Service Robotics,20.8,2029,StratView Research,https://www.stratviewresearch.com/3335/service-robotics-market.html,high,CAGR from 2023 to 2029
Service Robotics,19.53,2030,Mordor Intelligence,https://www.mordorintelligence.com/industry-reports/service-robotics-market,high,CAGR from 2025 to 2030
Service Robotics,19.2,2032,Fortune Business Insights,https://www.fortunebusinessinsights.com/industry-reports/service-robotics-market-101805,high,CAGR from 2025 to 2032
Service Robotics,15.9,2029,Markets and Markets,https://www.marketsandmarkets.com/Market-Reports/service-robotics-market-681.html,high,CAGR from 2025 to 2029
Service Robotics,15.0,2034,Precedence Research,https://www.precedenceresearch.com/service-robotics-market,high,CAGR from 2025 to 2034
Service Robotics,14.88,2032,SNS Insider,https://www.snsinsider.com/reports/service-robotics-market-2223,high,CAGR from 2024 to 2032
Service Robotics,12.4,2030,Grand View Research,https://www.grandviewresearch.com/industry-analysis/service-robotics-industry,high,CAGR from 2024 to 2030
Service Robotics,12.3,2034,Polaris Market Research,https://www.polarismarketresearch.com/industry-analysis/service-robotics-market,high,CAGR from 2024 to 2034
Service Robotics,11.01,2029,Statista,https://www.statista.com/outlook/tmo/robotics/service-robotics/worldwide,high,CAGR from 2025 to 2029
