sector,market_size_usd_billions,year,source_name,source_url,confidence,notes
Agricultural Robotics,21.8,2026,GlobeNewswire,https://www.globenewswire.com/news-release/2026/01/27/3226228/0/en/Agricultural-Robot-Industry-Research-Report-2026-57-18-Bn-Opportunities-Trends-Competitive-Landscape-Strategies-and-Forecasts-2020-2025-2025-2030F-2035F.html,high,CAGR from 2025 to 2026
Agricultural Robotics,2.4,2026,Agriculture Trends and Innovations in 2026 | StartUs Insights,https://www.startus-insights.com/innovators-guide/agriculture-trends/,medium,"Automation is surging, with a 2.4 million annual farm labor gap."
Agricultural Robotics,22.6,2029,The Business Research Company,https://www.thebusinessresearchcompany.com/report/agriculture-robots-global-market-report,medium,CAGR from current to 2029
Construction Robotics,14.3,2026,"Global Robotic Panelized Home Builders Market to Grow at 13.2% CAGR Over 2026-2030, Dominated by Autovol, BotBuilt, Promise Robotics, Plant Prefab and ACQBUILT",https://www.globenewswire.com/news-release/2026/01/29/3228818/28124/en/Global-Robotic-Panelized-Home-Builders-Market-to-Grow-at-13-2-CAGR-Over-2026-2030-Dominated-by-Autovol-BotBuilt-Promise-Robotics-Plant-Prefab-and-ACQBUILT.html,medium,CAGR from 2025 to 2026
Construction Robotics,13.2,2026,"Global Robotic Panelized Home Builders Market to Grow at 13.2% CAGR Over 2026-2030, Dominated by Autovol, BotBuilt, Promise Robotics, Plant Prefab and ACQBUILT",https://www.globenewswire.com/news-release/2026/01/29/3228818/28124/en/Global-Robotic-Panelized-Home-Builders-Market-to-Grow-at-13-2-CAGR-Over-2026-2030-Dominated-by-Autovol-BotBuilt-Promise-Robotics-Plant-Prefab-and-ACQBUILT.html,medium,"Increased adoption of robotic panelized construction, AI-driven planning software, and integration of collaborative robotics."
Construction Robotics,23.3,2027,Allied Market Research,https://www.alliedmarketresearch.com/construction-robotics-market-A09408,medium,CAGR from 2021 to 2027
Construction Robotics,15.5,2030,FieldEx,https://www.fieldex.com/en/blog/top-18-construction-industry-trends-and-innovations-to-watch,high,CAGR from 2025 to 2030
Construction Robotics,17.2,2030,GlobeNewswire,https://www.globenewswire.com/news-release/2026/01/29/3228743/28124/en/Global-Robotic-Concrete-Finishing-Market-to-Grow-by-17-2-CAGR-Over-2026-2030-Caterpillar-Komatsu-Kajima-Corporation-Shimizu-Corporation-and-Takenaka-Corporation-Dominate.html,medium,CAGR from 2026 to 2030
Construction Robotics,18.0,2030,Grand View Research,https://www.grandviewresearch.com/industry-analysis/construction-robots-market-report,high,CAGR from 2025 to 2030
Construction Robotics,17.5,2030,Grand View Research,https://www.grandviewresearch.com/horizon/outlook/construction-robots-market-size/global,high,CAGR from 2024 to 2030
Construction Robotics,14.6,2030,IndustryARC,https://www.industryarc.com/Research/Construction-Robot-Market-Research-505446,medium,CAGR from 2024 to 2030
Construction Robotics,15.5,2030,Mordor Intelligence,https://www.mordorintelligence.com/industry-reports/construction-robots-market,high,CAGR from 2025 to 2030
Construction Robotics,15.3,2031,RoboticsTomorrow,https://www.roboticstomorrow.com/news/2025/02/14/the-future-of-construction-why-robots-are-here-to-stay/24153/,medium,CAGR from 2021 to 2031
Construction Robotics,14.2,2033,Straits Research,https://straitsresearch.com/report/construction-robotics-market,medium,CAGR from 2025 to 2033
Construction Robotics,10.5,2034,Reports and Data,https://www.reportsanddata.com/report-detail/construction-robotics-market,medium,CAGR from 2024 to 2034
Construction Robotics,12.87,2035,Market Research Future,https://www.marketresearchfuture.com/reports/construction-robot-market-6305,medium,CAGR from 2025 to 2035
Industrial Robotics,70.0,2026,Novus Hi-tech,https://novushitech.com/robotics-market-2026/,medium,Market size projected to surpass USD 70â€“80 billion by 2026.
