id,sector,subcategory,dimension,dimension_unit,value_numeric,value_text,year,quarter,month,source_name,source_url,confidence,validation_status,validated_by,validated_at,notes,created_at,updated_at
260,Construction Robotics,,market_size,USD billions,15.5,,2030,,,FieldEx,https://www.fieldex.com/en/blog/top-18-construction-industry-trends-and-innovations-to-watch,high,pending,,,CAGR from 2025 to 2030,2026-01-30 22:53:09,2026-01-30 22:53:09
261,Construction Robotics,,market_size,USD billions,17.2,,2030,,,GlobeNewswire,https://www.globenewswire.com/news-release/2026/01/29/3228743/28124/en/Global-Robotic-Concrete-Finishing-Market-to-Grow-by-17-2-CAGR-Over-2026-2030-Caterpillar-Komatsu-Kajima-Corporation-Shimizu-Corporation-and-Takenaka-Corporation-Dominate.html,medium,pending,,,CAGR from 2026 to 2030,2026-01-30 22:53:09,2026-01-30 22:53:09
262,Construction Robotics,,market_size,USD billions,14.3,,2026,,,"Global Robotic Panelized Home Builders Market to Grow at 13.2% CAGR Over 2026-2030, Dominated by Autovol, BotBuilt, Promise Robotics, Plant Prefab and ACQBUILT",https://www.globenewswire.com/news-release/2026/01/29/3228818/28124/en/Global-Robotic-Panelized-Home-Builders-Market-to-Grow-at-13-2-CAGR-Over-2026-2030-Dominated-by-Autovol-BotBuilt-Promise-Robotics-Plant-Prefab-and-ACQBUILT.html,medium,pending,,,CAGR from 2025 to 2026,2026-01-30 22:53:09,2026-01-30 22:53:09
263,Construction Robotics,,market_size,USD billions,18.0,,2030,,,Grand View Research,https://www.grandviewresearch.com/industry-analysis/construction-robots-market-report,high,pending,,,CAGR from 2025 to 2030,2026-01-30 22:53:09,2026-01-30 22:53:09
264,Construction Robotics,,market_size,USD billions,14.2,,2033,,,Straits Research,https://straitsresearch.com/report/construction-robotics-market,medium,pending,,,CAGR from 2025 to 2033,2026-01-30 22:53:09,2026-01-30 22:53:09
265,Construction Robotics,,market_size,USD billions,17.5,,2030,,,Grand View Research,https://www.grandviewresearch.com/horizon/outlook/construction-robots-market-size/global,high,pending,,,CAGR from 2024 to 2030,2026-01-30 22:53:09,2026-01-30 22:53:09
266,Construction Robotics,,market_size,USD billions,14.6,,2030,,,IndustryARC,https://www.industryarc.com/Research/Construction-Robot-Market-Research-505446,medium,pending,,,CAGR from 2024 to 2030,2026-01-30 22:53:09,2026-01-30 22:53:09
267,Construction Robotics,,market_size,USD billions,12.87,,2035,,,Market Research Future,https://www.marketresearchfuture.com/reports/construction-robot-market-6305,medium,pending,,,CAGR from 2025 to 2035,2026-01-30 22:53:09,2026-01-30 22:53:09
268,Construction Robotics,,market_size,USD billions,15.3,,2031,,,RoboticsTomorrow,https://www.roboticstomorrow.com/news/2025/02/14/the-future-of-construction-why-robots-are-here-to-stay/24153/,medium,pending,,,CAGR from 2021 to 2031,2026-01-30 22:53:09,2026-01-30 22:53:09
269,Construction Robotics,,market_size,USD billions,23.3,,2027,,,Allied Market Research,https://www.alliedmarketresearch.com/construction-robotics-market-A09408,medium,pending,,,CAGR from 2021 to 2027,2026-01-30 22:53:09,2026-01-30 22:53:09
270,Construction Robotics,,market_size,USD billions,10.5,,2034,,,Reports and Data,https://www.reportsanddata.com/report-detail/construction-robotics-market,medium,pending,,,CAGR from 2024 to 2034,2026-01-30 22:53:09,2026-01-30 22:53:09
271,Construction Robotics,,market_size,USD billions,15.5,,2030,,,Mordor Intelligence,https://www.mordorintelligence.com/industry-reports/construction-robots-market,high,pending,,,CAGR from 2025 to 2030,2026-01-30 22:53:09,2026-01-30 22:53:09
246,Construction Robotics,,market_size,USD billions,,,,,,Standard Bots,https://standardbots.com/blog/revolutionizing-construction-the-power-of-robotics,unverified,pending,,,No specific ROI payback period data found.,2026-01-30 22:52:20,2026-01-30 22:52:20
247,Construction Robotics,,market_size,USD billions,,,,,,Robotnik,https://robotnik.eu/robotics-applications-in-construction/,unverified,pending,,,No specific ROI payback period data found.,2026-01-30 22:52:20,2026-01-30 22:52:20
248,Construction Robotics,,market_size,USD billions,,,,,,Frontiers in Built Environment,https://www.frontiersin.org/journals/built-environment/articles/10.3389/fbuil.2024.1307728/full,unverified,pending,,,No specific ROI payback period data found.,2026-01-30 22:52:20,2026-01-30 22:52:20
249,Construction Robotics,,market_size,USD billions,,,,,,McKinsey & Company,https://www.mckinsey.com/industries/engineering-construction-and-building-materials/our-insights/humanoid-robots-in-the-construction-industry-a-future-vision,unverified,pending,,,No specific ROI payback period data found.,2026-01-30 22:52:20,2026-01-30 22:52:20
250,Construction Robotics,,market_size,USD billions,,,,,,Procore,https://www.procore.com/library/construction-robotics,unverified,pending,,,No specific ROI payback period data found.,2026-01-30 22:52:20,2026-01-30 22:52:20
251,Construction Robotics,,market_size,USD billions,,,,,,Cemex Ventures,https://www.cemexventures.com/how-construction-robotics-is-going-to-change-the-industry-forever/,unverified,pending,,,No specific ROI payback period data found.,2026-01-30 22:52:20,2026-01-30 22:52:20
252,Construction Robotics,,market_size,USD billions,,,,,,Dusty Robotics,https://www.dustyrobotics.com/articles/the-power-of-robotics-and-ai-in-construction,unverified,pending,,,No specific ROI payback period data found.,2026-01-30 22:52:20,2026-01-30 22:52:20
253,Construction Robotics,,market_size,USD billions,,,,,,Cyngn,https://www.cyngn.com/blog/how-robots-are-transforming-the-construction-industry,unverified,pending,,,No specific ROI payback period data found.,2026-01-30 22:52:20,2026-01-30 22:52:20
254,Construction Robotics,,market_size,USD billions,,,,,,Innovation Hub,https://www.imnovation-hub.com/digital-transformation/robots-construction-applications,unverified,pending,,,No specific ROI payback period data found.,2026-01-30 22:52:20,2026-01-30 22:52:20
255,Construction Robotics,,market_size,USD billions,,,,,,CDC NIOSH,https://blogs.cdc.gov/niosh-science-blog/2024/11/12/construction-robotics/,unverified,pending,,,No specific ROI payback period data found.,2026-01-30 22:52:20,2026-01-30 22:52:20
256,Construction Robotics,,market_size,USD billions,,,,,,BuiltWorlds,https://builtworlds.com/2019/05/30/construction-robotics/,unverified,pending,,,No specific ROI payback period data found.,2026-01-30 22:52:20,2026-01-30 22:52:20
257,Construction Robotics,,market_size,USD billions,,,,,,ResearchGate,https://www.researchgate.net/publication/305719378_Robotics_in_Construction,unverified,pending,,,No specific ROI payback period data found.,2026-01-30 22:52:20,2026-01-30 22:52:20
258,Construction Robotics,,market_size,USD billions,,,,,,MDPI,https://www.mdpi.com/2076-3417/15/11/6277,unverified,pending,,,No specific ROI payback period data found.,2026-01-30 22:52:20,2026-01-30 22:52:20
259,Construction Robotics,,market_size,USD billions,,,,,,Dusty Robotics,https://www.dustyrobotics.com/articles/what-are-the-barriers-to-adopting-robotics-in-construction,unverified,pending,,,No specific ROI payback period data found.,2026-01-30 22:52:20,2026-01-30 22:52:20
245,Construction Robotics,,market_size,USD billions,13.2,,2026,,,"Global Robotic Panelized Home Builders Market to Grow at 13.2% CAGR Over 2026-2030, Dominated by Autovol, BotBuilt, Promise Robotics, Plant Prefab and ACQBUILT",https://www.globenewswire.com/news-release/2026/01/29/3228818/28124/en/Global-Robotic-Panelized-Home-Builders-Market-to-Grow-at-13-2-CAGR-Over-2026-2030-Dominated-by-Autovol-BotBuilt-Promise-Robotics-Plant-Prefab-and-ACQBUILT.html,medium,pending,,,"Increased adoption of robotic panelized construction, AI-driven planning software, and integration of collaborative robotics.",2026-01-30 22:51:32,2026-01-30 22:51:32
237,Construction Robotics,,market_growth_rate,percent,18.0,,2030,,,Grand View Research,https://www.grandviewresearch.com/industry-analysis/construction-robots-market-report,high,pending,,,CAGR from 2025 to 2030,2026-01-30 22:50:52,2026-01-30 22:50:52
238,Construction Robotics,,market_growth_rate,percent,14.2,,2033,,,Straits Research,https://straitsresearch.com/report/construction-robotics-market,high,pending,,,CAGR from 2025 to 2033,2026-01-30 22:50:52,2026-01-30 22:50:52
239,Construction Robotics,,market_growth_rate,percent,15.5,,2030,,,Mordor Intelligence,https://www.mordorintelligence.com/industry-reports/construction-robots-market,high,pending,,,CAGR from 2025 to 2030,2026-01-30 22:50:52,2026-01-30 22:50:52
240,Construction Robotics,,market_growth_rate,percent,10.5,,2034,,,Reports and Data,https://www.reportsanddata.com/report-detail/construction-robotics-market,high,pending,,,CAGR from 2025 to 2034,2026-01-30 22:50:52,2026-01-30 22:50:52
241,Construction Robotics,,market_growth_rate,percent,14.6,,2030,,,IndustryARC,https://www.industryarc.com/Research/Construction-Robot-Market-Research-505446,high,pending,,,CAGR from 2024 to 2030,2026-01-30 22:50:52,2026-01-30 22:50:52
242,Construction Robotics,,market_growth_rate,percent,14.4,,2032,,,Research and Markets,https://www.researchandmarkets.com/report/construction-robotics,high,pending,,,CAGR from 2023 to 2032,2026-01-30 22:50:52,2026-01-30 22:50:52
243,Construction Robotics,,market_growth_rate,percent,17.5,,2030,,,Grand View Research,https://www.grandviewresearch.com/horizon/outlook/construction-robots-market-size/global,high,pending,,,CAGR from 2024 to 2030,2026-01-30 22:50:52,2026-01-30 22:50:52
244,Construction Robotics,,market_growth_rate,percent,15.3,,2035,,,ResearchNester,https://www.researchnester.com/reports/construction-robots-market/5225,high,pending,,,CAGR from 2025 to 2035,2026-01-30 22:50:52,2026-01-30 22:50:52
226,Logistics Robotics,,market_size,USD billions,,,2030,,,Supply Chain 24/7,https://www.supplychain247.com/article/warehouse_robotics_2026_why_change_management_outshines_any_single_new_technology,low,pending,,,"Predicted that by 2030, 80% of humans in warehouses will engage with smart robots on a daily basis.",2026-01-30 22:49:45,2026-01-30 22:49:45
227,Logistics Robotics,,market_size,USD billions,,,2026,,,Interlake Mecalux Blog,https://www.interlakemecalux.com/blog/logistics-trends-2026,low,pending,,,Automated picking is predicted to be a top logistics trend for 2026.,2026-01-30 22:49:45,2026-01-30 22:49:45
228,Logistics Robotics,,market_size,USD billions,,,2026,,,The Robot Report,https://www.therobotreport.com/four-physical-ai-predictions-2026-beyond-universal-robots/,low,pending,,,Investments are predicted to spread from logistics into retail in 2026.,2026-01-30 22:49:45,2026-01-30 22:49:45
229,Logistics Robotics,,market_size,USD billions,,,2026,,,Forbes,https://www.forbes.com/sites/bernardmarr/2025/10/20/the-5-biggest-robotics-trends-in-2026-you-must-get-ready-for-now/,low,pending,,,Construction-focused robots can potentially reduce the repetitive workload of humans by 25 to 90 percent.,2026-01-30 22:49:45,2026-01-30 22:49:45
230,Logistics Robotics,,market_size,USD billions,,,2026,,,Modern Materials Handling,https://www.mmh.com/article/warehouse_robotics_2026_why_change_management_outshines_any_single_new_technology,low,pending,,,Rapid transformation of fulfillment systems will call for a heavy dose of change management.,2026-01-30 22:49:45,2026-01-30 22:49:45
231,Logistics Robotics,,market_size,USD billions,,,2026,,,GRYDD,https://grydd.com/the-future-of-logistics-technology-emerging-technologies-and-trends-transforming-the-logistics-industry/,low,pending,,,Companies like Amazon and UPS are experimenting with drone delivery systems.,2026-01-30 22:49:45,2026-01-30 22:49:45
232,Logistics Robotics,,market_size,USD billions,,,2026,,,ScienceDirect,https://www.sciencedirect.com/science/article/pii/S259012302501775X,low,pending,,,AI-enhanced cobots optimize production efficiency by reducing cycle times and improving product quality.,2026-01-30 22:49:45,2026-01-30 22:49:45
233,Logistics Robotics,,market_size,USD billions,,,2026,,,International Federation of Robotics,https://ifr.org/ifr-press-releases/news/top-5-global-robotics-trends-2026,low,pending,,,Agentic AI is a key trend to further develop autonomy in robotics.,2026-01-30 22:49:45,2026-01-30 22:49:45
234,Logistics Robotics,,market_size,USD billions,,,2029,,,Fortune Business Insights,https://www.fortunebusinessinsights.com/logistics-robots-market-102923,low,pending,,,"Tech robotic giants, such as ABB and Siemens, are developing six-axis and operation-specific robots.",2026-01-30 22:49:45,2026-01-30 22:49:45
235,Logistics Robotics,,market_size,USD billions,,,2026,,,Logistics robots guide,https://www.autostoresystem.com/insights/logistics-robots-work-smarter-not-harder,low,pending,,,Generative AI will soon allow warehouse managers to query their robot fleet using natural language.,2026-01-30 22:49:45,2026-01-30 22:49:45
236,Logistics Robotics,,market_size,USD billions,,,2026,,,MDPI Journal Article,https://www.mdpi.com/2227-9717/13/3/832,low,pending,,,"Industrial robotics has shifted from rigid, task-specific tools to adaptive, intelligent systems.",2026-01-30 22:49:45,2026-01-30 22:49:45
225,Logistics Robotics,,market_size,USD billions,,,,,,Using Robotics in Logistics Automation,https://www.cyngn.com/blog/using-robotics-in-logistics-automation,low,pending,,,The source mentions tracking ROI but does not provide specific payback periods.,2026-01-30 22:49:00,2026-01-30 22:49:00
209,Logistics Robotics,,market_size,USD billions,,,,,,Intelligent robotics - GXO | Supply Chain Management | 3PL Contract Logistics,https://gxo.com/logistics-technology/robotics-in-logistics/,unverified,pending,,,No specific adoption rate data provided.,2026-01-30 22:48:47,2026-01-30 22:48:47
210,Logistics Robotics,,market_size,USD billions,,,,,,Warehouse Robotics: The Future of Supply Chain Automation - Inbound Logistics,https://www.inboundlogistics.com/articles/warehouse-robotics-what-it-is-types-and-how-it-works/,unverified,pending,,,No specific adoption rate data provided.,2026-01-30 22:48:47,2026-01-30 22:48:47
211,Logistics Robotics,,market_size,USD billions,,,,,,Robotics applications in logistics - Mecalux.com,https://www.mecalux.com/blog/robotics-applications-logistics,unverified,pending,,,No specific adoption rate data provided.,2026-01-30 22:48:47,2026-01-30 22:48:47
212,Logistics Robotics,,market_size,USD billions,,,,,,Logistic robots: 5 key applications and top types - Standard Bots,https://standardbots.com/blog/logistic-robots,unverified,pending,,,No specific adoption rate data provided.,2026-01-30 22:48:47,2026-01-30 22:48:47
213,Logistics Robotics,,market_size,USD billions,,,,,,From Picking to Packing: How Polyfunctional Robots Are Transforming Logistics,https://axidio.com/blog/polyfunctional-robots-in-logistics-scm-2025,unverified,pending,,,No specific adoption rate data provided.,2026-01-30 22:48:47,2026-01-30 22:48:47
214,Logistics Robotics,,market_size,USD billions,,,,,,"Autonomous Robots Guide (AMRs): Intro, Benefits, Uses and More",https://www.vecnarobotics.com/resources/logistics-robots-2/,unverified,pending,,,No specific adoption rate data provided.,2026-01-30 22:48:47,2026-01-30 22:48:47
215,Logistics Robotics,,market_size,USD billions,,,,,,Robotics and artificial intelligence in logistics I KNAPP,https://www.knapp.com/en/solutions/technologies/robotics-and-artificial-intelligence-in-logistics/,unverified,pending,,,No specific adoption rate data provided.,2026-01-30 22:48:47,2026-01-30 22:48:47
216,Logistics Robotics,,market_size,USD billions,,,,,,AI Agents for Logistics: Revolutionizing Supply Chain Automation | SaM Solutions,https://sam-solutions.com/blog/ai-agents-in-logistics/,unverified,pending,,,No specific adoption rate data provided.,2026-01-30 22:48:47,2026-01-30 22:48:47
217,Logistics Robotics,,market_size,USD billions,,,,,,Council Post: Advanced AI And Robotics: The Future Of Logistics And Supply Chains,https://www.forbes.com/councils/forbesbusinessdevelopmentcouncil/2024/11/12/advanced-ai-and-robotics-the-future-of-logistics-and-supply-chains/,unverified,pending,,,No specific adoption rate data provided.,2026-01-30 22:48:47,2026-01-30 22:48:47
218,Logistics Robotics,,market_size,USD billions,,,,,,"How Automation, AI & Robotics Are Transforming Logistics",https://byexpress.com/how-automation-ai-robotics-are-transforming-logistics/,unverified,pending,,,No specific adoption rate data provided.,2026-01-30 22:48:47,2026-01-30 22:48:47
219,Logistics Robotics,,market_size,USD billions,,,,,,How AI and ML are transforming logistics: Get unbreakable operations in 2026,https://coaxsoft.com/blog/how-ai-and-ml-are-transforming-logistics,unverified,pending,,,No specific adoption rate data provided.,2026-01-30 22:48:47,2026-01-30 22:48:47
220,Logistics Robotics,,market_size,USD billions,,,,,,"AI in Logistics: Use Cases, Benefits, and Challenges | SPD Technology",https://spd.tech/artificial-intelligence/ai-in-logistics-transforming-operational-efficiency-in-transportation-businesses/,unverified,pending,,,No specific adoption rate data provided.,2026-01-30 22:48:47,2026-01-30 22:48:47
221,Logistics Robotics,,market_size,USD billions,,,,,,Robots For Logistics,https://www.meegle.com/en_us/topics/robotics/robots-for-logistics,unverified,pending,,,No specific adoption rate data provided.,2026-01-30 22:48:47,2026-01-30 22:48:47
222,Logistics Robotics,,market_size,USD billions,,,,,,Role of AI in Transforming Transportation and Logistics Management,https://codewave.com/insights/ai-transforming-transportation-logistics/,unverified,pending,,,No specific adoption rate data provided.,2026-01-30 22:48:47,2026-01-30 22:48:47
223,Logistics Robotics,,market_size,USD billions,,,,,,5 Key Trends in Logistics Automation and Autonomous Robots - RTInsights,https://www.rtinsights.com/5-key-trends-in-logistics-automation-and-autonomous-robots/,unverified,pending,,,No specific adoption rate data provided.,2026-01-30 22:48:47,2026-01-30 22:48:47
224,Logistics Robotics,,market_size,USD billions,,,,,,Technologies | GXO,https://gxo.com/logistics-technology/,unverified,pending,,,No specific adoption rate data provided.,2026-01-30 22:48:47,2026-01-30 22:48:47
206,Logistics Robotics,,market_size,USD billions,,,,,,Logistics robots guide,https://www.autostoresystem.com/insights/logistics-robots-work-smarter-not-harder,unverified,pending,,,No specific adoption rate data provided.,2026-01-30 22:48:46,2026-01-30 22:48:46
207,Logistics Robotics,,market_size,USD billions,,,,,,Top Logistics Robots That Can Take Your Business to a New Level - B2E Automation,https://www.b2eautomation.com/insights/top-logistics-robots-that-can-take-your-business-to-a-new-level,unverified,pending,,,No specific adoption rate data provided.,2026-01-30 22:48:46,2026-01-30 22:48:46
208,Logistics Robotics,,market_size,USD billions,,,,,,How Robotics is Shaping Digital Logistics and Supply Chain Management: An Ongoing Call for Research - Rainer - 2025 - Journal of Business Logistics - Wiley Online Library,https://onlinelibrary.wiley.com/doi/10.1111/jbl.70005,unverified,pending,,,No specific adoption rate data provided.,2026-01-30 22:48:46,2026-01-30 22:48:46
195,Logistics Robotics,,market_growth_rate,percent,16.7,,2029,,,Fortune Business Insights,https://www.fortunebusinessinsights.com/logistics-robots-market-102923,high,pending,,,CAGR for 2022-2029,2026-01-30 22:47:24,2026-01-30 22:47:24
196,Logistics Robotics,,market_growth_rate,percent,18.74,,2033,,,IMARC Group,https://www.imarcgroup.com/logistics-robots-market,high,pending,,,CAGR for 2025-2033,2026-01-30 22:47:24,2026-01-30 22:47:24
197,Logistics Robotics,,market_growth_rate,percent,12.3,,2033,,,FactMR,https://www.factmr.com/report/logistics-robot-market,high,pending,,,CAGR for 2023-2033,2026-01-30 22:47:24,2026-01-30 22:47:24
198,Logistics Robotics,,market_growth_rate,percent,16.2,,2035,,,Market.US,https://market.us/report/global-logistics-robots-market/,high,pending,,,CAGR for 2026-2035,2026-01-30 22:47:24,2026-01-30 22:47:24
199,Logistics Robotics,,market_growth_rate,percent,16.7,,2032,,,SkyQuestT,https://www.skyquestt.com/report/logistics-robots-market,high,pending,,,CAGR for the forecast period,2026-01-30 22:47:24,2026-01-30 22:47:24
200,Logistics Robotics,,market_growth_rate,percent,25.56,,2032,,,Market Research Future,https://www.marketresearchfuture.com/reports/logistics-robots-market-24621,high,pending,,,CAGR for the forecast period,2026-01-30 22:47:24,2026-01-30 22:47:24
201,Logistics Robotics,,market_growth_rate,percent,24.66,,2030,,,Data Bridge Market Research,https://www.databridgemarketresearch.com/reports/global-logistics-robots-market,high,pending,,,CAGR for 2023-2030,2026-01-30 22:47:24,2026-01-30 22:47:24
202,Logistics Robotics,,market_growth_rate,percent,16.47,,2032,,,SNS Insider,https://www.snsinsider.com/reports/logistics-robots-market-3816,high,pending,,,CAGR for the forecast period 2024-2032,2026-01-30 22:47:24,2026-01-30 22:47:24
203,Logistics Robotics,,market_growth_rate,percent,15.9,,2030,,,Grand View Research,https://www.grandviewresearch.com/industry-analysis/logistics-robot-market-report,high,pending,,,CAGR for 2025-2030,2026-01-30 22:47:24,2026-01-30 22:47:24
204,Logistics Robotics,,market_growth_rate,percent,15.9,,2034,,,Statifacts,https://www.statifacts.com/outlook/logistics-robotics-market,high,pending,,,CAGR for 2025-2034,2026-01-30 22:47:24,2026-01-30 22:47:24
205,Logistics Robotics,,market_growth_rate,percent,15.35,,2031,,,GlobeNewswire,https://www.globenewswire.com/news-release/2026/01/28/3227298/0/en/Warehouse-Automation-Industry-Research-2026-Global-Market-Size-Share-Trends-Opportunities-and-Forecasts-2021-2025-2026-2031.html,high,pending,,,CAGR for 2025-2031,2026-01-30 22:47:24,2026-01-30 22:47:24
193,Agricultural Robotics,,market_size,USD billions,21.8,,2026,,,GlobeNewswire,https://www.globenewswire.com/news-release/2026/01/27/3226228/0/en/Agricultural-Robot-Industry-Research-Report-2026-57-18-Bn-Opportunities-Trends-Competitive-Landscape-Strategies-and-Forecasts-2020-2025-2025-2030F-2035F.html,high,pending,,,CAGR from 2025 to 2026,2026-01-30 22:42:17,2026-01-30 22:42:17
194,Agricultural Robotics,,market_size,USD billions,22.6,,2029,,,The Business Research Company,https://www.thebusinessresearchcompany.com/report/agriculture-robots-global-market-report,medium,pending,,,CAGR from current to 2029,2026-01-30 22:42:17,2026-01-30 22:42:17
178,Agricultural Robotics,,market_size,USD billions,,,,,,Agricultural robot - Wikipedia,https://en.wikipedia.org/wiki/Agricultural_robot,unverified,pending,,,No specific ROI payback period data found.,2026-01-30 22:41:59,2026-01-30 22:41:59
179,Agricultural Robotics,,market_size,USD billions,,,,,,Applications of robotics and extended reality in agriculture: A review - ScienceDirect,https://www.sciencedirect.com/science/article/pii/S277237552500752X,unverified,pending,,,No specific ROI payback period data found.,2026-01-30 22:41:59,2026-01-30 22:41:59
180,Agricultural Robotics,,market_size,USD billions,,,,,,Exploring the Future of Agriculture: A Deep Dive into Robots,https://www.agritecture.com/blog/exploring-the-future-of-agriculture-a-deep-dive-into-robots,unverified,pending,,,No specific ROI payback period data found.,2026-01-30 22:41:59,2026-01-30 22:41:59
181,Agricultural Robotics,,market_size,USD billions,,,,,,19 Agricultural Robots and Farm Robots You Should Know | Built In,https://builtin.com/robotics/farming-agricultural-robots,unverified,pending,,,No specific ROI payback period data found.,2026-01-30 22:41:59,2026-01-30 22:41:59
182,Agricultural Robotics,,market_size,USD billions,,,,,,Harvesting Robots: Automated Farming in 2025 | HowToRobot,https://howtorobot.com/expert-insight/harvesting-robots,unverified,pending,,,No specific ROI payback period data found.,2026-01-30 22:41:59,2026-01-30 22:41:59
183,Agricultural Robotics,,market_size,USD billions,,,,,,Top 10 Applications of Robotics in Agriculture | StartUs Insights,https://www.startus-insights.com/innovators-guide/robotics-in-agriculture/,unverified,pending,,,No specific ROI payback period data found.,2026-01-30 22:41:59,2026-01-30 22:41:59
184,Agricultural Robotics,,market_size,USD billions,,,,,,Croptracker - Robotic Technologies In Agriculture,https://www.croptracker.com/blog/robotic-technologies-in-agriculture.html,unverified,pending,,,No specific ROI payback period data found.,2026-01-30 22:41:59,2026-01-30 22:41:59
185,Agricultural Robotics,,market_size,USD billions,,,,,,Applications of Agricultural Robots in 2025,https://atlanticprojectcargo.com/insights/full-guide-how-are-robots-used-in-agriculture-in-2024/,unverified,pending,,,No specific ROI payback period data found.,2026-01-30 22:41:59,2026-01-30 22:41:59
186,Agricultural Robotics,,market_size,USD billions,,,,,,Robotics applications in agriculture,https://robotnik.eu/robotics-applications-in-agriculture/,unverified,pending,,,No specific ROI payback period data found.,2026-01-30 22:41:59,2026-01-30 22:41:59
187,Agricultural Robotics,,market_size,USD billions,,,,,,Robots in Agriculture: Transforming the Future of Farming - Fresh Consulting,https://www.freshconsulting.com/insights/blog/robots-in-agriculture-transforming-the-future-of-farming/,unverified,pending,,,No specific ROI payback period data found.,2026-01-30 22:41:59,2026-01-30 22:41:59
188,Agricultural Robotics,,market_size,USD billions,,,,,,Recent Advancements in Agriculture Robots: Benefits and Challenges,https://www.mdpi.com/2075-1702/11/1/48,unverified,pending,,,No specific ROI payback period data found.,2026-01-30 22:41:59,2026-01-30 22:41:59
189,Agricultural Robotics,,market_size,USD billions,,,,,,Agriculture Robotics: Technologies Enabling the Fourth Agricultural Revolution,https://www.creosyndicate.org/wp-content/uploads/edd/2025/07/2025_CREO_Agriculture_Robotics.pdf,unverified,pending,,,No specific ROI payback period data found.,2026-01-30 22:41:59,2026-01-30 22:41:59
190,Agricultural Robotics,,market_size,USD billions,,,,,,"Advancements in Agricultural Ground Robots for Specialty Crops: An Overview of Innovations, Challenges, and Prospects - PMC",https://pmc.ncbi.nlm.nih.gov/articles/PMC11644308/,unverified,pending,,,No specific ROI payback period data found.,2026-01-30 22:41:59,2026-01-30 22:41:59
191,Agricultural Robotics,,market_size,USD billions,,,,,,"Ag Robots: From Lab to Success Story, What Business Model? | GOFAR",https://www.agricultural-robotics.com/news/ag-robots-from-lab-to-success-story-what-business-model,unverified,pending,,,No specific ROI payback period data found.,2026-01-30 22:41:59,2026-01-30 22:41:59
192,Agricultural Robotics,,market_size,USD billions,,,,,,Markets and Markets,https://www.marketsandmarkets.com/Market-Reports/agricultural-robot-market-173601759.html,unverified,pending,,,No specific ROI payback period data found.,2026-01-30 22:41:59,2026-01-30 22:41:59
177,Agricultural Robotics,,market_size,USD billions,2.4,,2026,,,Agriculture Trends and Innovations in 2026 | StartUs Insights,https://www.startus-insights.com/innovators-guide/agriculture-trends/,medium,pending,,,"Automation is surging, with a 2.4 million annual farm labor gap.",2026-01-30 22:41:05,2026-01-30 22:41:05
168,Agricultural Robotics,,market_growth_rate,percent,23.0,,2030,,,Grand View Research,https://www.grandviewresearch.com/industry-analysis/agricultural-robots-market,high,pending,,,,2026-01-30 22:40:37,2026-01-30 22:40:37
169,Agricultural Robotics,,market_growth_rate,percent,15.4,,2033,,,IMARC Group,https://www.imarcgroup.com/agricultural-robots-market,high,pending,,,,2026-01-30 22:40:37,2026-01-30 22:40:37
170,Agricultural Robotics,,market_growth_rate,percent,24.6,,2030,,,Mordor Intelligence,https://www.mordorintelligence.com/industry-reports/agricultural-robots-market,high,pending,,,,2026-01-30 22:40:37,2026-01-30 22:40:37
171,Agricultural Robotics,,market_growth_rate,percent,26.0,,2030,,,Markets and Markets,https://www.marketsandmarkets.com/Market-Reports/agricultural-robot-market-173601759.html,high,pending,,,,2026-01-30 22:40:37,2026-01-30 22:40:37
172,Agricultural Robotics,,market_growth_rate,percent,24.78,,2035,,,Roots Analysis,https://www.rootsanalysis.com/agriculture-robots-market,high,pending,,,,2026-01-30 22:40:37,2026-01-30 22:40:37
173,Agricultural Robotics,,market_growth_rate,percent,15.81,,2032,,,Market Research Future,https://www.marketresearchfuture.com/reports/agriculture-robots-market-10147,high,pending,,,,2026-01-30 22:40:37,2026-01-30 22:40:37
174,Agricultural Robotics,,market_growth_rate,percent,24.6,,2030,,,Mordor Intelligence,https://www.mordorintelligence.com/industry-reports/agricultural-robots-market,high,pending,,,,2026-01-30 22:40:37,2026-01-30 22:40:37
175,Agricultural Robotics,,market_growth_rate,percent,24.78,,2035,,,Roots Analysis,https://www.rootsanalysis.com/agriculture-robots-market,high,pending,,,,2026-01-30 22:40:37,2026-01-30 22:40:37
176,Agricultural Robotics,,market_growth_rate,percent,39.4,,2032,,,SkyQuestT,https://www.skyquestt.com/report/agricultural-robots-market,high,pending,,,,2026-01-30 22:40:37,2026-01-30 22:40:37
165,Agricultural Robotics,,market_growth_rate,percent,18.3,,2032,,,Fortune Business Insights,https://www.fortunebusinessinsights.com/agricultural-robots-market-109044,high,pending,,,,2026-01-30 22:40:36,2026-01-30 22:40:36
166,Agricultural Robotics,,market_growth_rate,percent,18.4,,2032,,,SNS Insider,https://www.snsinsider.com/reports/agriculture-robots-market-2548,high,pending,,,,2026-01-30 22:40:36,2026-01-30 22:40:36
167,Agricultural Robotics,,market_growth_rate,percent,39.4,,2032,,,SkyQuestT,https://www.skyquestt.com/report/agricultural-robots-market,high,pending,,,,2026-01-30 22:40:36,2026-01-30 22:40:36
163,Service Robotics,,market_size,USD billions,,,2026,,,IDTechEx,https://www.idtechex.com/en/research-report/service-robots/1139,low,pending,,,"Interest remains strong in fully or semi-automated food preparation modules for highly standardized environments, which will see wider commercial adoption between 2026 and 2036.",2026-01-30 22:38:09,2026-01-30 22:38:09
164,Service Robotics,,market_size,USD billions,,,2026,,,Association for Advancing Automation,https://www.automate.org/robotics/emerging-markets/emerging-markets-service-robots,low,pending,,,"A rapid proliferation in robot capabilities – driven by innovations in machine learning, artificial intelligence, adaptive computing and vision systems – is causing the market to nearly triple in value.",2026-01-30 22:38:09,2026-01-30 22:38:09
144,Service Robotics,,market_size,USD billions,,,,,,PROVEN Robotics,https://provenrobotics.ai/service-robots-examples/,unverified,pending,,,No specific ROI payback period data found.,2026-01-30 22:37:52,2026-01-30 22:37:52
145,Service Robotics,,market_size,USD billions,,,,,,Wikipedia,https://en.wikipedia.org/wiki/Service_robot,unverified,pending,,,No specific ROI payback period data found.,2026-01-30 22:37:52,2026-01-30 22:37:52
146,Service Robotics,,market_size,USD billions,,,,,,Botasys,https://www.botasys.com/post/service-robots,unverified,pending,,,No specific ROI payback period data found.,2026-01-30 22:37:52,2026-01-30 22:37:52
147,Service Robotics,,market_size,USD billions,,,,,,SoftBank Robotics,https://us.softbankrobotics.com/blog/service-robot,unverified,pending,,,No specific ROI payback period data found.,2026-01-30 22:37:52,2026-01-30 22:37:52
148,Service Robotics,,market_size,USD billions,,,,,,HowToRobot,https://howtorobot.com/expert-insight/service-robots,unverified,pending,,,No specific ROI payback period data found.,2026-01-30 22:37:52,2026-01-30 22:37:52
149,Service Robotics,,market_size,USD billions,,,,,,EInfoChips,https://www.einfochips.com/blog/service-robots-trends-industry-use-cases-its-role-in-fighting-covid19/,unverified,pending,,,No specific ROI payback period data found.,2026-01-30 22:37:52,2026-01-30 22:37:52
150,Service Robotics,,market_size,USD billions,,,,,,VivaTech,https://vivatech.com/news/service-robotics-transforming-daily-life-and-delivery,unverified,pending,,,No specific ROI payback period data found.,2026-01-30 22:37:52,2026-01-30 22:37:52
151,Service Robotics,,market_size,USD billions,,,,,,IFR,https://ifr.org/service-robots,unverified,pending,,,No specific ROI payback period data found.,2026-01-30 22:37:52,2026-01-30 22:37:52
152,Service Robotics,,market_size,USD billions,,,,,,SAGE Journals,https://journals.sagepub.com/doi/10.1177/1938965520923961,unverified,pending,,,No specific ROI payback period data found.,2026-01-30 22:37:52,2026-01-30 22:37:52
153,Service Robotics,,market_size,USD billions,,,,,,Intel,https://www.intel.com/content/www/us/en/robotics/service-robot.html,unverified,pending,,,No specific ROI payback period data found.,2026-01-30 22:37:52,2026-01-30 22:37:52
154,Service Robotics,,market_size,USD billions,,,,,,SoftBank Robotics,https://emea.softbankrobotics.com/case-study-page,unverified,pending,,,No specific ROI payback period data found.,2026-01-30 22:37:52,2026-01-30 22:37:52
155,Service Robotics,,market_size,USD billions,,,,,,International Federation of Robotics (IFR),https://ifr.org/case-studies/service-robots-case-studies,unverified,pending,,,No specific ROI payback period data found.,2026-01-30 22:37:52,2026-01-30 22:37:52
156,Service Robotics,,market_size,USD billions,,,,,,MDPI,https://www.mdpi.com/2079-9292/10/21/2658,unverified,pending,,,No specific ROI payback period data found.,2026-01-30 22:37:52,2026-01-30 22:37:52
157,Service Robotics,,market_size,USD billions,,,,,,PubMed Central,https://pmc.ncbi.nlm.nih.gov/articles/PMC7411265/,unverified,pending,,,No specific ROI payback period data found.,2026-01-30 22:37:52,2026-01-30 22:37:52
158,Service Robotics,,market_size,USD billions,,,,,,Robohub,https://robohub.org/svr-case-studies-introduction-to-service-robotics/,unverified,pending,,,No specific ROI payback period data found.,2026-01-30 22:37:52,2026-01-30 22:37:52
159,Service Robotics,,market_size,USD billions,,,,,,Taylor & Francis Online,https://www.tandfonline.com/doi/full/10.1080/02642069.2019.167268,unverified,pending,,,No specific ROI payback period data found.,2026-01-30 22:37:52,2026-01-30 22:37:52
160,Service Robotics,,market_size,USD billions,,,,,,Automation World,https://www.automationworld.com/factory/robotics/article/33006863/industry-increases-use-of-robots-as-a-service,unverified,pending,,,No specific ROI payback period data found.,2026-01-30 22:37:52,2026-01-30 22:37:52
161,Service Robotics,,market_size,USD billions,,,,,,Coherent Market Insights,https://www.coherentmarketinsights.com/market-insight/robot-as-a-service-market-4538,unverified,pending,,,No specific ROI payback period data found.,2026-01-30 22:37:52,2026-01-30 22:37:52
162,Service Robotics,,market_size,USD billions,,,,,,Standard Bots,https://standardbots.com/blog/the-rise-of-service-robots-what-you-need-to-know,unverified,pending,,,No specific ROI payback period data found.,2026-01-30 22:37:52,2026-01-30 22:37:52
133,Service Robotics,,market_size,USD billions,,,,,,DSR Technologies,https://dsrtechnologies.co.uk/key-features-of-service-robots/,unverified,pending,,,No specific adoption rate data found.,2026-01-30 22:36:52,2026-01-30 22:36:52
134,Service Robotics,,market_size,USD billions,,,,,,PAL Robotics,https://pal-robotics.com/blog/ai-service-robotics-machine-deep-learning/,unverified,pending,,,No specific adoption rate data found.,2026-01-30 22:36:52,2026-01-30 22:36:52
135,Service Robotics,,market_size,USD billions,,,,,,GeeksforGeeks,https://www.geeksforgeeks.org/artificial-intelligence/artificial-intelligence-in-robotics/,unverified,pending,,,No specific adoption rate data found.,2026-01-30 22:36:52,2026-01-30 22:36:52
136,Service Robotics,,market_size,USD billions,,,,,,Encord,https://encord.com/blog/testing-blog/,unverified,pending,,,No specific adoption rate data found.,2026-01-30 22:36:52,2026-01-30 22:36:52
137,Service Robotics,,market_size,USD billions,,,,,,San Diego University,https://onlinedegrees.sandiego.edu/application-of-ai-in-robotics/,unverified,pending,,,No specific adoption rate data found.,2026-01-30 22:36:52,2026-01-30 22:36:52
138,Service Robotics,,market_size,USD billions,,,,,,Intel,https://www.intel.com/content/www/us/en/learn/artificial-intelligence-robotics.html,unverified,pending,,,No specific adoption rate data found.,2026-01-30 22:36:52,2026-01-30 22:36:52
139,Service Robotics,,market_size,USD billions,,,,,,Johns Hopkins University,https://ep.jhu.edu/news/applications-of-ai-in-robotics-industry-breakdown/,unverified,pending,,,No specific adoption rate data found.,2026-01-30 22:36:52,2026-01-30 22:36:52
140,Service Robotics,,market_size,USD billions,,,,,,Kanerika,https://kanerika.com/blogs/ai-in-robotics/,unverified,pending,,,No specific adoption rate data found.,2026-01-30 22:36:52,2026-01-30 22:36:52
141,Service Robotics,,market_size,USD billions,,,,,,McKinsey,https://www.mckinsey.com/mgi/our-research/agents-robots-and-us-skill-partnerships-in-the-age-of-ai,unverified,pending,,,No specific adoption rate data found.,2026-01-30 22:36:52,2026-01-30 22:36:52
142,Service Robotics,,market_size,USD billions,,,,,,Cogito Tech,https://www.cogitotech.com/blog/ai-in-robotics-a-comprehensive-guide-2025/,unverified,pending,,,No specific adoption rate data found.,2026-01-30 22:36:52,2026-01-30 22:36:52
143,Service Robotics,,market_size,USD billions,,,,,,Taylor & Francis Online,https://www.tandfonline.com/doi/full/10.1080/02642069.2019.1672666,unverified,pending,,,No specific adoption rate data found.,2026-01-30 22:36:52,2026-01-30 22:36:52
124,Service Robotics,,market_size,USD billions,,,,,,Wikipedia,https://en.wikipedia.org/wiki/Service_robot,unverified,pending,,,No specific adoption rate data found.,2026-01-30 22:36:51,2026-01-30 22:36:51
125,Service Robotics,,market_size,USD billions,,,,,,ScienceDirect Topics,https://www.sciencedirect.com/topics/computer-science/service-robot,unverified,pending,,,No specific adoption rate data found.,2026-01-30 22:36:51,2026-01-30 22:36:51
126,Service Robotics,,market_size,USD billions,,,,,,SoftBank Robotics,https://us.softbankrobotics.com/blog/service-robot,unverified,pending,,,No specific adoption rate data found.,2026-01-30 22:36:51,2026-01-30 22:36:51
127,Service Robotics,,market_size,USD billions,,,,,,NIDEC CORPORATION,https://www.nidec.com/en/technology/new_field/service_robot/application/,unverified,pending,,,No specific adoption rate data found.,2026-01-30 22:36:51,2026-01-30 22:36:51
128,Service Robotics,,market_size,USD billions,,,,,,Intel,https://www.intel.com/content/www/us/en/robotics/service-robot.html,unverified,pending,,,No specific adoption rate data found.,2026-01-30 22:36:51,2026-01-30 22:36:51
129,Service Robotics,,market_size,USD billions,,,,,,IDTechEx,https://www.idtechex.com/en/research-report/service-robots/1139,unverified,pending,,,No specific adoption rate data found.,2026-01-30 22:36:51,2026-01-30 22:36:51
130,Service Robotics,,market_size,USD billions,,,,,,IFR,https://ifr.org/service-robots,unverified,pending,,,No specific adoption rate data found.,2026-01-30 22:36:51,2026-01-30 22:36:51
131,Service Robotics,,market_size,USD billions,,,,,,VivaTech,https://vivatech.com/news/service-robotics-transforming-daily-life-and-delivery,unverified,pending,,,No specific adoption rate data found.,2026-01-30 22:36:51,2026-01-30 22:36:51
132,Service Robotics,,market_size,USD billions,,,,,,SBIR,https://www.sbir.gov/portfolio/1154707,unverified,pending,,,No specific adoption rate data found.,2026-01-30 22:36:51,2026-01-30 22:36:51
114,Service Robotics,,market_growth_rate,percent,12.4,,2030,,,Grand View Research,https://www.grandviewresearch.com/industry-analysis/service-robotics-industry,high,pending,,,CAGR from 2024 to 2030,2026-01-30 22:35:34,2026-01-30 22:35:34
115,Service Robotics,,market_growth_rate,percent,19.2,,2032,,,Fortune Business Insights,https://www.fortunebusinessinsights.com/industry-reports/service-robotics-market-101805,high,pending,,,CAGR from 2025 to 2032,2026-01-30 22:35:34,2026-01-30 22:35:34
116,Service Robotics,,market_growth_rate,percent,15.9,,2029,,,Markets and Markets,https://www.marketsandmarkets.com/Market-Reports/service-robotics-market-681.html,high,pending,,,CAGR from 2025 to 2029,2026-01-30 22:35:34,2026-01-30 22:35:34
117,Service Robotics,,market_growth_rate,percent,19.53,,2030,,,Mordor Intelligence,https://www.mordorintelligence.com/industry-reports/service-robotics-market,high,pending,,,CAGR from 2025 to 2030,2026-01-30 22:35:34,2026-01-30 22:35:34
118,Service Robotics,,market_growth_rate,percent,11.01,,2029,,,Statista,https://www.statista.com/outlook/tmo/robotics/service-robotics/worldwide,high,pending,,,CAGR from 2025 to 2029,2026-01-30 22:35:34,2026-01-30 22:35:34
119,Service Robotics,,market_growth_rate,percent,15.0,,2034,,,Precedence Research,https://www.precedenceresearch.com/service-robotics-market,high,pending,,,CAGR from 2025 to 2034,2026-01-30 22:35:34,2026-01-30 22:35:34
120,Service Robotics,,market_growth_rate,percent,14.88,,2032,,,SNS Insider,https://www.snsinsider.com/reports/service-robotics-market-2223,high,pending,,,CAGR from 2024 to 2032,2026-01-30 22:35:34,2026-01-30 22:35:34
121,Service Robotics,,market_growth_rate,percent,20.8,,2029,,,StratView Research,https://www.stratviewresearch.com/3335/service-robotics-market.html,high,pending,,,CAGR from 2023 to 2029,2026-01-30 22:35:34,2026-01-30 22:35:34
122,Service Robotics,,market_growth_rate,percent,21.21,,2032,,,Verified Market Research,https://www.verifiedmarketresearch.com/product/global-service-robotics-market-size-and-forecast/,high,pending,,,CAGR from 2026 to 2032,2026-01-30 22:35:34,2026-01-30 22:35:34
123,Service Robotics,,market_growth_rate,percent,12.3,,2034,,,Polaris Market Research,https://www.polarismarketresearch.com/industry-analysis/service-robotics-market,high,pending,,,CAGR from 2024 to 2034,2026-01-30 22:35:34,2026-01-30 22:35:34
96,Mobile Robotics,,market_size,USD billions,,,2026,,,RoboticsTomorrow,https://www.roboticstomorrow.com/article/2026/01/predictions-for-2026-whats-next-for-robotics/25968,low,pending,,,No specific market growth rate data provided.,2026-01-30 22:34:33,2026-01-30 22:34:33
97,Mobile Robotics,,market_size,USD billions,,,2026,,,Elad Inbar,https://www.robotlab.com/group/blog/robotics-in-2026-predicting-the-top-7-trends-of-the-year/?hs_amp=true,low,pending,,,No specific market growth rate data provided.,2026-01-30 22:34:33,2026-01-30 22:34:33
98,Mobile Robotics,,market_size,USD billions,,,2026,,,Robotics 24/7,https://www.robotics247.com/article/2026-robotics-and-automation-predictions-top-trends-transforming-global-industries/Locus_Robotics,low,pending,,,No specific market growth rate data provided.,2026-01-30 22:34:33,2026-01-30 22:34:33
99,Mobile Robotics,,market_size,USD billions,,,2026,,,The Robot Report,https://www.therobotreport.com/ces-2026-robotics-recap-industry-experts-make-predictions/,low,pending,,,No specific market growth rate data provided.,2026-01-30 22:34:33,2026-01-30 22:34:33
100,Mobile Robotics,,market_size,USD billions,,,2026,,,Brightpick,https://brightpick.ai/resources/predictions-for-2026-whats-next-for-robotics/,low,pending,,,No specific market growth rate data provided.,2026-01-30 22:34:33,2026-01-30 22:34:33
101,Mobile Robotics,,market_size,USD billions,,,2026,,,International Federation of Robotics,https://ifr.org/ifr-press-releases/news/top-5-global-robotics-trends-2026,low,pending,,,No specific market growth rate data provided.,2026-01-30 22:34:33,2026-01-30 22:34:33
102,Mobile Robotics,,market_size,USD billions,,,2026,,,Standard Bots,https://standardbots.com/blog/future-of-robotics-predictions,low,pending,,,No specific market growth rate data provided.,2026-01-30 22:34:33,2026-01-30 22:34:33
103,Mobile Robotics,,market_size,USD billions,,,2026,,,The Robot Report,https://www.therobotreport.com/ifr-top-5-global-robotics-trends-of-2026/,low,pending,,,No specific market growth rate data provided.,2026-01-30 22:34:33,2026-01-30 22:34:33
104,Mobile Robotics,,market_size,USD billions,,,2026,,,Bernard Marr,https://bernardmarr.com/the-5-robotics-trends-in-2026-you-must-get-ready-for-now/,low,pending,,,No specific market growth rate data provided.,2026-01-30 22:34:33,2026-01-30 22:34:33
105,Mobile Robotics,,market_size,USD billions,,,2026,,,Top Robotics Trends of 2026 Shaping the Future of Industry,https://novushitech.com/top-10-robotics-trends-of-2026-shaping-future/,low,pending,,,No specific market growth rate data provided.,2026-01-30 22:34:33,2026-01-30 22:34:33
106,Mobile Robotics,,market_size,USD billions,,,2025,,,StartUs Insights,https://www.startus-insights.com/innovators-guide/robotics-trends-innovation/,low,pending,,,No specific market growth rate data provided.,2026-01-30 22:34:33,2026-01-30 22:34:33
107,Mobile Robotics,,market_size,USD billions,,,2023,,,Stanford Emerging Technology Review,https://setr.stanford.edu/technology/robotics/2023,low,pending,,,No specific market growth rate data provided.,2026-01-30 22:34:33,2026-01-30 22:34:33
108,Mobile Robotics,,market_size,USD billions,,,2024,,,International Federation of Robotics,https://ifr.org/ifr-press-releases/news/top-5-robot-trends-2024,low,pending,,,No specific market growth rate data provided.,2026-01-30 22:34:33,2026-01-30 22:34:33
109,Mobile Robotics,,market_size,USD billions,,,2025,,,International Federation of Robotics,https://ifr.org/ifr-press-releases/news/top-5-global-robotics-trends-2025,low,pending,,,No specific market growth rate data provided.,2026-01-30 22:34:33,2026-01-30 22:34:33
110,Mobile Robotics,,market_size,USD billions,,,2026,,,International Federation of Robotics,https://ifr.org/ifr-press-releases/news/top-5-global-robotics-trends-2026,low,pending,,,No specific market growth rate data provided.,2026-01-30 22:34:33,2026-01-30 22:34:33
111,Mobile Robotics,,market_size,USD billions,,,2025,,,Robotnik,https://robotnik.eu/robotic-trends-in-2025-innovations-transforming-industries/,low,pending,,,No specific market growth rate data provided.,2026-01-30 22:34:33,2026-01-30 22:34:33
112,Mobile Robotics,,market_size,USD billions,,,2026,,,MDPI,https://www.mdpi.com/2079-9292/13/3/542,low,pending,,,No specific market growth rate data provided.,2026-01-30 22:34:33,2026-01-30 22:34:33
113,Mobile Robotics,,market_size,USD billions,,,2026,,,Ezassi,https://ezassi.com/robotics-5-years/,low,pending,,,No specific market growth rate data provided.,2026-01-30 22:34:33,2026-01-30 22:34:33
77,Mobile Robotics,,market_size,USD billions,,,,,,Autonomous Mobile Robots: The Latest Applications and Use Cases from Leading Suppliers and Users | A3,https://www.automate.org/robotics/blogs/autonomous-mobile-robots-the-latest-applications-and-use-cases-from-leading-suppliers-and-users,unverified,pending,,,No specific ROI payback period mentioned.,2026-01-30 22:33:33,2026-01-30 22:33:33
78,Mobile Robotics,,market_size,USD billions,,,,,,Evaluation of use cases of autonomous mobile robots in factory environments - ScienceDirect,https://www.sciencedirect.com/science/article/pii/S2351978918311600,unverified,pending,,,No specific ROI payback period mentioned.,2026-01-30 22:33:33,2026-01-30 22:33:33
79,Mobile Robotics,,market_size,USD billions,,,,,,6 Business Use Cases for Mobile Robots in Manufacturing - Robotics 24/7,https://www.robotics247.com/article/6_business_use_cases_mobile_robots_manufacturing,unverified,pending,,,No specific ROI payback period mentioned.,2026-01-30 22:33:33,2026-01-30 22:33:33
80,Mobile Robotics,,market_size,USD billions,,,,,,10 Applications & Use Cases for Mobile Robots,https://www.i4verse.com/article/10-general-applications-of-mobile-robots,unverified,pending,,,No specific ROI payback period mentioned.,2026-01-30 22:33:33,2026-01-30 22:33:33
81,Mobile Robotics,,market_size,USD billions,,,,,,Mobile Robot Use Cases Grow as Technology Advances | OEM Off-Highway,https://www.oemoffhighway.com/electronics/smart-systems/automated-systems/article/21139636/mobile-robot-use-cases-grow-as-technology-advances,unverified,pending,,,No specific ROI payback period mentioned.,2026-01-30 22:33:33,2026-01-30 22:33:33
82,Mobile Robotics,,market_size,USD billions,,,,,,AMR Robot Applications,https://www.agvnetwork.com/top-amr-applications,unverified,pending,,,No specific ROI payback period mentioned.,2026-01-30 22:33:33,2026-01-30 22:33:33
83,Mobile Robotics,,market_size,USD billions,,,,,,"Autonomous Mobile Robots for Security, Industry, and Environmental Monitoring",https://smprobotics.com/application_autonomus_mobile_robots/,unverified,pending,,,No specific ROI payback period mentioned.,2026-01-30 22:33:33,2026-01-30 22:33:33
84,Mobile Robotics,,market_size,USD billions,,,,,,"What Are Mobile Robots, and How Can They Benefit Your Business? | HowToRobot",https://howtorobot.com/expert-insight/autonomous-mobile-robots,unverified,pending,,,No specific ROI payback period mentioned.,2026-01-30 22:33:33,2026-01-30 22:33:33
85,Mobile Robotics,,market_size,USD billions,,,,,,MiR AMRs,https://mobile-industrial-robots.com/cases,unverified,pending,,,No specific ROI payback period mentioned.,2026-01-30 22:33:33,2026-01-30 22:33:33
86,Mobile Robotics,,market_size,USD billions,,,,,,Mobile Robotics Applications for your Industry | Robotnik ®,https://robotnik.eu/mobile-robotics-applications-more-safety-and-productivity-for-your-plant/,unverified,pending,,,No specific ROI payback period mentioned.,2026-01-30 22:33:33,2026-01-30 22:33:33
87,Mobile Robotics,,market_size,USD billions,,,,,,Success story: Implementation of mobile robots in the industry,https://blog.gieicom.com/english/success-story-implementation-of-mobile-robots-in-the-industry,unverified,pending,,,No specific ROI payback period mentioned.,2026-01-30 22:33:33,2026-01-30 22:33:33
88,Mobile Robotics,,market_size,USD billions,,,,,,Client success stories | Movu Robotics,https://www.movu-robotics.com/en-US/success-stories,unverified,pending,,,No specific ROI payback period mentioned.,2026-01-30 22:33:33,2026-01-30 22:33:33
89,Mobile Robotics,,market_size,USD billions,,,,,,Success Story Robert Bosch GmbH,https://blog.agilox.net/en/success-story-robert-bosch-gmbh,unverified,pending,,,No specific ROI payback period mentioned.,2026-01-30 22:33:33,2026-01-30 22:33:33
90,Mobile Robotics,,market_size,USD billions,,,,,,Mobile Robot Success Stories with NODE Robotics,https://node-robotics.com/references/success-stories,unverified,pending,,,No specific ROI payback period mentioned.,2026-01-30 22:33:33,2026-01-30 22:33:33
91,Mobile Robotics,,market_size,USD billions,,,,,,NODEs' Success Story with Bottobo Robotics,https://node-robotics.com/references/success-stories/nodes-success-story-with-bottobo-robotics,unverified,pending,,,No specific ROI payback period mentioned.,2026-01-30 22:33:33,2026-01-30 22:33:33
92,Mobile Robotics,,market_size,USD billions,,,,,,"A Comprehensive Study of Mobile Robot: History, Developments, Applications, and Future Research Perspectives",https://www.mdpi.com/2076-3417/12/14/6951,unverified,pending,,,No specific ROI payback period mentioned.,2026-01-30 22:33:33,2026-01-30 22:33:33
93,Mobile Robotics,,market_size,USD billions,,,,,,Development history of mobile robots (The first industrial robot was... | Download Scientific Diagram,https://www.researchgate.net/figure/Development-history-of-mobile-robots-The-first-industrial-robot-was-born-in-1959-The_fig1_374940475,unverified,pending,,,No specific ROI payback period mentioned.,2026-01-30 22:33:33,2026-01-30 22:33:33
94,Mobile Robotics,,market_size,USD billions,,,,,,Uses of Robotics and Automated Guided Vehicles Applications | Robotnik®,https://robotnik.eu/success-cases/,unverified,pending,,,No specific ROI payback period mentioned.,2026-01-30 22:33:33,2026-01-30 22:33:33
95,Mobile Robotics,,market_size,USD billions,,,,,,r/robotics on Reddit: What are (success) stories of robotics companies?,https://www.reddit.com/r/robotics/comments/183gaml/what_are_success_stories_of_robotics_companies/,unverified,pending,,,No specific ROI payback period mentioned.,2026-01-30 22:33:33,2026-01-30 22:33:33
76,Mobile Robotics,,market_size,USD billions,,,,,,2026 robotics and automation predictions: Top trends transforming global industries - Robotics 24/7,https://www.robotics247.com/article/2026-robotics-and-automation-predictions-top-trends-transforming-global-industries/technologies,unverified,pending,,,No specific adoption rate data found.,2026-01-30 22:32:29,2026-01-30 22:32:29
62,Mobile Robotics,,market_size,USD billions,,,,,,Mobile robot - Wikipedia,https://en.wikipedia.org/wiki/Mobile_robot,unverified,pending,,,No specific adoption rate data found.,2026-01-30 22:32:28,2026-01-30 22:32:28
63,Mobile Robotics,,market_size,USD billions,,,,,,Autonomous Mobile Robots (AMR): Technology and A - Advantech,https://www.advantech.com/en-us/resources/industry-focus/autonomous-mobile-robots-amrtechnology-and-applications,unverified,pending,,,No specific adoption rate data found.,2026-01-30 22:32:28,2026-01-30 22:32:28
64,Mobile Robotics,,market_size,USD billions,,,,,,"A Taxonomy for Mobile Robots: Types, Applications, Capabilities, Implementations, Requirements, and Challenges",https://www.mdpi.com/2218-6581/9/4/109,unverified,pending,,,No specific adoption rate data found.,2026-01-30 22:32:28,2026-01-30 22:32:28
65,Mobile Robotics,,market_size,USD billions,,,,,,Mobile Robot Systems - an overview | ScienceDirect Topics,https://www.sciencedirect.com/topics/computer-science/mobile-robot-systems,unverified,pending,,,No specific adoption rate data found.,2026-01-30 22:32:28,2026-01-30 22:32:28
66,Mobile Robotics,,market_size,USD billions,,,,,,Types of Robots and Industry Use of Robotics Technology ...,https://www.intel.com/content/www/us/en/learn/types-of-robots.html,unverified,pending,,,No specific adoption rate data found.,2026-01-30 22:32:28,2026-01-30 22:32:28
67,Mobile Robotics,,market_size,USD billions,,,,,,Mobile Robots | Fundamentals of Industrial Robots | Textbook,https://control.com/textbook/fundamentals-of-industrial-robots/fundamentals-of-industrial-robots/mobile-robots/,unverified,pending,,,No specific adoption rate data found.,2026-01-30 22:32:28,2026-01-30 22:32:28
68,Mobile Robotics,,market_size,USD billions,,,,,,What is a mobile robot? Definition with examples - Standard Bots,https://standardbots.com/blog/mobile-robot,unverified,pending,,,No specific adoption rate data found.,2026-01-30 22:32:28,2026-01-30 22:32:28
69,Mobile Robotics,,market_size,USD billions,,,,,,Introduction to Autonomous Mobile Robots - Nord Modules,https://www.nord-modules.com/introduction-to-autonomous-mobile-robots/,unverified,pending,,,No specific adoption rate data found.,2026-01-30 22:32:28,2026-01-30 22:32:28
70,Mobile Robotics,,market_size,USD billions,,,,,,Mobile robot design resources | TI.com,https://www.ti.com/applications/industrial/robotics/mobile-robot/overview.html,unverified,pending,,,No specific adoption rate data found.,2026-01-30 22:32:28,2026-01-30 22:32:28
71,Mobile Robotics,,market_size,USD billions,,,,,,"A review of mobile robots: Concepts, methods, theoretical framework, and applications - Francisco Rubio, Francisco Valero, Carlos Llopis-Albert, 2019",https://journals.sagepub.com/doi/full/10.1177/1729881419839596,unverified,pending,,,No specific adoption rate data found.,2026-01-30 22:32:28,2026-01-30 22:32:28
72,Mobile Robotics,,market_size,USD billions,,,,,,International Federation of Robotics,https://ifr.org/ifr-press-releases/news/top-5-global-robotics-trends-2026,unverified,pending,,,No specific adoption rate data found.,2026-01-30 22:32:28,2026-01-30 22:32:28
73,Mobile Robotics,,market_size,USD billions,,,,,,RoboticsTomorrow,https://www.roboticstomorrow.com/article/2026/01/predictions-for-2026-whats-next-for-robotics/25968,unverified,pending,,,No specific adoption rate data found.,2026-01-30 22:32:28,2026-01-30 22:32:28
74,Mobile Robotics,,market_size,USD billions,,,,,,Top 5 Global Robotics Trends 2026 – International Federation of Robotics Reports,https://www.businesswire.com/news/home/20260108314837/en/Top-5-Global-Robotics-Trends-2026-International-Federation-of-Robotics-Reports,unverified,pending,,,No specific adoption rate data found.,2026-01-30 22:32:28,2026-01-30 22:32:28
75,Mobile Robotics,,market_size,USD billions,,,,,,Top Robotics Trends of 2026 Shaping the Future of Industry,https://novushitech.com/top-10-robotics-trends-of-2026-shaping-future/,unverified,pending,,,No specific adoption rate data found.,2026-01-30 22:32:28,2026-01-30 22:32:28
51,Mobile Robotics,,market_growth_rate,percent,15.3,,2030,,,RoboticsTomorrow,https://www.roboticstomorrow.com/news/2025/04/22/autonomous-mobile-robots-market-analysis-349b-valuation-by-2023-153-cagr-predicted-to-2030/24623/,high,pending,,,,2026-01-30 22:31:09,2026-01-30 22:31:09
52,Mobile Robotics,,market_growth_rate,percent,28.48,,2030,,,Mordor Intelligence,https://www.mordorintelligence.com/industry-reports/global-mobile-robots-market,high,pending,,,,2026-01-30 22:31:09,2026-01-30 22:31:09
53,Mobile Robotics,,market_growth_rate,percent,15.1,,2030,,,Grand View Research,https://www.grandviewresearch.com/industry-analysis/autonomous-mobile-robots-market,high,pending,,,,2026-01-30 22:31:09,2026-01-30 22:31:09
54,Mobile Robotics,,market_growth_rate,percent,23.1,,2032,,,SkyQuestT,https://www.skyquestt.com/report/mobile-robots-market,high,pending,,,,2026-01-30 22:31:09,2026-01-30 22:31:09
55,Mobile Robotics,,market_growth_rate,percent,19.8,,2032,,,GlobeNewswire (Allied Market Research),https://www.globenewswire.com/news-release/2025/02/04/3020533/0/en/Mobile-Robotics-Market-to-Reach-99-2-billion-Globally-by-2032-at-19-8-CAGR-Allied-Market-Research.html,high,pending,,,,2026-01-30 22:31:09,2026-01-30 22:31:09
56,Mobile Robotics,,market_growth_rate,percent,29.2,,2033,,,Market Growth Reports,https://www.marketgrowthreports.com/market-reports/autonomous-mobile-robots-market-100278,high,pending,,,,2026-01-30 22:31:09,2026-01-30 22:31:09
57,Mobile Robotics,,market_growth_rate,percent,11.83,,2035,,,Roots Analysis,https://www.rootsanalysis.com/mobile-robots-market,high,pending,,,,2026-01-30 22:31:09,2026-01-30 22:31:09
58,Mobile Robotics,,market_growth_rate,percent,10.4,,2030,,,NextMSC,https://www.nextmsc.com/report/mobile-robotics-market,high,pending,,,,2026-01-30 22:31:09,2026-01-30 22:31:09
59,Mobile Robotics,,market_growth_rate,percent,20.7,,2030,,,OpenPR,https://www.openpr.com/news/4348137/mobile-robotics-market-to-reach-usd-73-68-billion-by-2030,high,pending,,,,2026-01-30 22:31:09,2026-01-30 22:31:09
60,Mobile Robotics,,market_growth_rate,percent,15.6,,2032,,,Polaris Market Research,https://www.polarismarketresearch.com/industry-analysis/autonomous-mobile-robot-market,high,pending,,,,2026-01-30 22:31:09,2026-01-30 22:31:09
61,Mobile Robotics,,market_growth_rate,percent,22.33,,2033,,,Straits Research,https://straitsresearch.com/report/mobile-robots-market,high,pending,,,,2026-01-30 22:31:09,2026-01-30 22:31:09
48,Industrial Robotics,,market_size,USD billions,,,2030,,,Siemens Global,https://www.siemens.com/global/en/company/insights/tech-trends-2030-the-next-era-of-industrial-robotics.html,low,pending,,,"No specific growth rate mentioned, only general trends.",2026-01-30 22:21:57,2026-01-30 22:21:57
49,Industrial Robotics,,market_size,USD billions,,,2025,,,NextMSC,https://www.nextmsc.com/blogs/industrial-robots-market-trends,low,pending,,,"No specific growth rate mentioned, only general trends.",2026-01-30 22:21:57,2026-01-30 22:21:57
50,Industrial Robotics,,market_size,USD billions,,,2025,,,Robotnik,https://robotnik.eu/robotic-trends-in-2025-innovations-transforming-industries/,low,pending,,,"No specific growth rate mentioned, only general trends.",2026-01-30 22:21:57,2026-01-30 22:21:57
32,Industrial Robotics,,market_size,USD billions,,,2026,,,RoboticsTomorrow,https://www.roboticstomorrow.com/article/2026/01/predictions-for-2026-whats-next-for-robotics/25968,low,pending,,,"Market growth rate not specified, only mentions stagnation since 2021.",2026-01-30 22:21:56,2026-01-30 22:21:56
33,Industrial Robotics,,market_size,USD billions,,,2026,,,International Federation of Robotics,https://ifr.org/ifr-press-releases/news/top-5-global-robotics-trends-2026,low,pending,,,"No specific growth rate mentioned, only general trends.",2026-01-30 22:21:56,2026-01-30 22:21:56
34,Industrial Robotics,,market_size,USD billions,,,2026,,,The Robot Report,https://www.therobotreport.com/ifr-top-5-global-robotics-trends-of-2026/,low,pending,,,"No specific growth rate mentioned, only general trends.",2026-01-30 22:21:56,2026-01-30 22:21:56
35,Industrial Robotics,,market_size,USD billions,,,2026,,,%,https://dbr77.com/industrial-robotics-trends-2026/,low,pending,,,"No specific growth rate mentioned, only general trends.",2026-01-30 22:21:56,2026-01-30 22:21:56
36,Industrial Robotics,,market_size,USD billions,,,2026,,,Brightpick,https://brightpick.ai/resources/predictions-for-2026-whats-next-for-robotics/,low,pending,,,"No specific growth rate mentioned, only general trends.",2026-01-30 22:21:56,2026-01-30 22:21:56
37,Industrial Robotics,,market_size,USD billions,,,2026,,,The Robot Report,https://www.therobotreport.com/four-physical-ai-predictions-2026-beyond-universal-robots/,low,pending,,,"No specific growth rate mentioned, only general trends.",2026-01-30 22:21:56,2026-01-30 22:21:56
38,Industrial Robotics,,market_size,USD billions,,,2026,,,Elad Inbar,https://www.robotlab.com/group/blog/robotics-in-2026-predicting-the-top-7-trends-of-the-year/?hs_amp=true,low,pending,,,"No specific growth rate mentioned, only general trends.",2026-01-30 22:21:56,2026-01-30 22:21:56
39,Industrial Robotics,,market_size,USD billions,,,2026,,,Robotics 24/7,https://www.robotics247.com/article/2026-robotics-and-automation-predictions-top-trends-transforming-global-industries/Locus_Robotics,low,pending,,,"No specific growth rate mentioned, only general trends.",2026-01-30 22:21:56,2026-01-30 22:21:56
40,Industrial Robotics,,market_size,USD billions,,,2026,,,Standard Bots,https://standardbots.com/blog/future-of-robotics-predictions,low,pending,,,"No specific growth rate mentioned, only general trends.",2026-01-30 22:21:56,2026-01-30 22:21:56
41,Industrial Robotics,,market_size,USD billions,70.0,,2026,,,Novus Hi-tech,https://novushitech.com/robotics-market-2026/,medium,pending,,,Market size projected to surpass USD 70–80 billion by 2026.,2026-01-30 22:21:56,2026-01-30 22:21:56
42,Industrial Robotics,,market_size,USD billions,,,2026,,,MDPI Journal Article,https://www.mdpi.com/2227-9717/13/3/832,low,pending,,,"No specific growth rate mentioned, only general trends.",2026-01-30 22:21:56,2026-01-30 22:21:56
43,Industrial Robotics,,market_size,USD billions,,,2026,,,International Federation of Robotics,https://ifr.org/ifr-press-releases/news/top-5-global-robotics-trends-2026,low,pending,,,"No specific growth rate mentioned, only general trends.",2026-01-30 22:21:56,2026-01-30 22:21:56
44,Industrial Robotics,,market_size,USD billions,,,2024,,,International Federation of Robotics,https://ifr.org/ifr-press-releases/news/top-5-robot-trends-2024,low,pending,,,"No specific growth rate mentioned, only general trends.",2026-01-30 22:21:56,2026-01-30 22:21:56
45,Industrial Robotics,,market_size,USD billions,,,2026,,,Data Insights Market,https://www.datainsightsmarket.com/reports/industrial-robotics-160895,low,pending,,,"No specific growth rate mentioned, only general trends.",2026-01-30 22:21:56,2026-01-30 22:21:56
46,Industrial Robotics,,market_size,USD billions,,,2025,,,StartUs Insights,https://www.startus-insights.com/innovators-guide/robotics-trends-innovation/,low,pending,,,"No specific growth rate mentioned, only general trends.",2026-01-30 22:21:56,2026-01-30 22:21:56
47,Industrial Robotics,,market_size,USD billions,,,2025,,,Dorna Robotics,https://dorna.ai/blog/robotics-trend/,low,pending,,,"No specific growth rate mentioned, only general trends.",2026-01-30 22:21:56,2026-01-30 22:21:56
13,Industrial Robotics,,market_size,USD billions,,,,,,HowToRobot,https://howtorobot.com/expert-insight/industrial-robot-applications,unverified,pending,,,No specific ROI payback period data found.,2026-01-30 22:20:52,2026-01-30 22:20:52
14,Industrial Robotics,,market_size,USD billions,,,,,,Jabil,https://www.jabil.com/blog/ten-popular-industrial-robot-applications.html,unverified,pending,,,No specific ROI payback period data found.,2026-01-30 22:20:52,2026-01-30 22:20:52
15,Industrial Robotics,,market_size,USD billions,,,,,,Standard Bots,https://standardbots.com/blog/industrial-robotics-applications,unverified,pending,,,No specific ROI payback period data found.,2026-01-30 22:20:52,2026-01-30 22:20:52
16,Industrial Robotics,,market_size,USD billions,,,,,,Yaskawa Motoman,https://www.motoman.com/en-us/applications,unverified,pending,,,No specific ROI payback period data found.,2026-01-30 22:20:52,2026-01-30 22:20:52
17,Industrial Robotics,,market_size,USD billions,,,,,,Wikipedia,https://en.wikipedia.org/wiki/Industrial_robot,unverified,pending,,,No specific ROI payback period data found.,2026-01-30 22:20:52,2026-01-30 22:20:52
18,Industrial Robotics,,market_size,USD billions,,,,,,RoboDK,https://robodk.com/blog/industrial-robot-applications/,unverified,pending,,,No specific ROI payback period data found.,2026-01-30 22:20:52,2026-01-30 22:20:52
19,Industrial Robotics,,market_size,USD billions,,,,,,International Federation of Robotics,https://ifr.org/case-studies/industry-robots-case-studies,unverified,pending,,,No specific ROI payback period data found.,2026-01-30 22:20:52,2026-01-30 22:20:52
20,Industrial Robotics,,market_size,USD billions,,,,,,ENCY CAD/CAM software,https://encycam.com/articles/top-10-applications-of-industrial-robots/,unverified,pending,,,No specific ROI payback period data found.,2026-01-30 22:20:52,2026-01-30 22:20:52
21,Industrial Robotics,,market_size,USD billions,,,,,,Universal Robots,https://www.universal-robots.com/in/blog/applications-of-robotic-arms/,unverified,pending,,,No specific ROI payback period data found.,2026-01-30 22:20:52,2026-01-30 22:20:52
22,Industrial Robotics,,market_size,USD billions,,,,,,KEB,https://www.kebamerica.com/blog/4-industrial-applications-for-robotics-automation/,unverified,pending,,,No specific ROI payback period data found.,2026-01-30 22:20:52,2026-01-30 22:20:52
23,Industrial Robotics,,market_size,USD billions,,,,,,Kawasaki Robotics,https://kawasakirobotics.com/case-studies/,unverified,pending,,,No specific ROI payback period data found.,2026-01-30 22:20:52,2026-01-30 22:20:52
24,Industrial Robotics,,market_size,USD billions,,,,,,MDPI Journal Article,https://www.mdpi.com/2227-9717/13/3/832,unverified,pending,,,No specific ROI payback period data found.,2026-01-30 22:20:52,2026-01-30 22:20:52
25,Industrial Robotics,,market_size,USD billions,,,,,,Association for Advancing Automation,https://www.automate.org/robotics/case-studies,unverified,pending,,,No specific ROI payback period data found.,2026-01-30 22:20:52,2026-01-30 22:20:52
26,Industrial Robotics,,market_size,USD billions,,,,,,Productivity,https://www.productivity.com/success-stories/robotic-success-stories/,unverified,pending,,,No specific ROI payback period data found.,2026-01-30 22:20:52,2026-01-30 22:20:52
27,Industrial Robotics,,market_size,USD billions,,,,,,NetSuite,https://www.netsuite.com/portal/resource/articles/erp/robotics-in-manufacturing.shtml,unverified,pending,,,No specific ROI payback period data found.,2026-01-30 22:20:52,2026-01-30 22:20:52
28,Industrial Robotics,,market_size,USD billions,,,,,,MiR AMRs,https://mobile-industrial-robots.com/cases,unverified,pending,,,No specific ROI payback period data found.,2026-01-30 22:20:52,2026-01-30 22:20:52
29,Industrial Robotics,,market_size,USD billions,,,,,,Productive Robotics,https://www.productiverobotics.com/case-studies,unverified,pending,,,No specific ROI payback period data found.,2026-01-30 22:20:52,2026-01-30 22:20:52
30,Industrial Robotics,,market_size,USD billions,,,,,,GrayMatter Robotics,https://graymatter-robotics.com/the-future-of-manufacturing-trends-in-industrial-robotics/,unverified,pending,,,No specific ROI payback period data found.,2026-01-30 22:20:52,2026-01-30 22:20:52
31,Industrial Robotics,,market_size,USD billions,,,,,,Industrial Analytics Platform,https://iap.unido.org/articles/what-driving-adoption-robots-industry,unverified,pending,,,No specific ROI payback period data found.,2026-01-30 22:20:52,2026-01-30 22:20:52
12,Industrial Robotics,,market_size,USD billions,,,2026,,,RoboticsTomorrow,https://www.roboticstomorrow.com/article/2026/01/predictions-for-2026-whats-next-for-robotics/25968,medium,pending,,,"Adoption is accelerating fastest among smaller manufacturers, 3PLs, and firms with constrained capital budgets.",2026-01-30 22:19:54,2026-01-30 22:19:54
1,Industrial Robotics,,market_growth_rate,percent,10.5,,2032,,,Data Bridge Market Research,https://www.databridgemarketresearch.com/reports/global-industrial-robots-market,high,pending,,,CAGR from 2025 to 2032,2026-01-30 22:19:24,2026-01-30 22:19:24
2,Industrial Robotics,,market_growth_rate,percent,9.9,,2030,,,Grand View Research,https://www.grandviewresearch.com/industry-analysis/industrial-robotics-market,high,pending,,,CAGR from 2025 to 2030,2026-01-30 22:19:24,2026-01-30 22:19:24
3,Industrial Robotics,,market_growth_rate,percent,13.0,,2030,,,Wissen Research via GlobeNewswire,https://www.globenewswire.com/news-release/2026/01/21/3222423/0/en/Industrial-Robotics-market-to-grow-at-a-CAGR-of-13-during-the-forecast-period-2025-2030-Wissen-Research.html,high,pending,,,CAGR from 2025 to 2030,2026-01-30 22:19:24,2026-01-30 22:19:24
4,Industrial Robotics,,market_growth_rate,percent,14.2,,2030,,,Polaris Market Research,https://www.polarismarketresearch.com/industry-analysis/industrial-robotics-market,high,pending,,,CAGR from 2022 to 2030,2026-01-30 22:19:24,2026-01-30 22:19:24
5,Industrial Robotics,,market_growth_rate,percent,11.7,,2029,,,Markets and Markets,https://www.marketsandmarkets.com/Market-Reports/Industrial-Robotics-Market-643.html,high,pending,,,CAGR from 2025 to 2029,2026-01-30 22:19:24,2026-01-30 22:19:24
6,Industrial Robotics,,market_growth_rate,percent,12.55,,2032,,,SNS Insider,https://www.snsinsider.com/reports/industrial-robotics-market-1058,high,pending,,,CAGR from 2024 to 2032,2026-01-30 22:19:24,2026-01-30 22:19:24
7,Industrial Robotics,,market_growth_rate,percent,12.6,,2032,,,Allied Market Research,https://www.alliedmarketresearch.com/industrial-robotics-market,high,pending,,,CAGR from 2023 to 2032,2026-01-30 22:19:24,2026-01-30 22:19:24
8,Industrial Robotics,,market_growth_rate,percent,14.19,,2032,,,Fortune Business Insights,https://www.fortunebusinessinsights.com/industry-reports/industrial-robots-market-100360,high,pending,,,CAGR from 2025 to 2032,2026-01-30 22:19:24,2026-01-30 22:19:24
9,Industrial Robotics,,market_growth_rate,percent,10.51,,2035,,,Roots Analysis,https://www.rootsanalysis.com/industrial-robotics-market,high,pending,,,CAGR from 2024 to 2035,2026-01-30 22:19:24,2026-01-30 22:19:24
10,Industrial Robotics,,market_growth_rate,percent,13.8,,2034,,,Precedence Research,https://www.precedenceresearch.com/industrial-robotics-market,high,pending,,,CAGR from 2025 to 2034,2026-01-30 22:19:24,2026-01-30 22:19:24
11,Industrial Robotics,,market_growth_rate,percent,13.3,,2034,,,GMI Insights,https://www.gminsights.com/industry-analysis/industrial-robotics-market,high,pending,,,CAGR from 2025 to 2034,2026-01-30 22:19:24,2026-01-30 22:19:24
