technology,category,maturity_level,description,value,value_text,year,confidence,notes,source_name,source_url
Digital Twins,ai_software,growing,Virtual simulation and testing of robots,,,2026,medium,Extracted from technology research,Digital Twin Market 2025- 2030 [325 Pages & 296 Tables],https://www.marketsandmarkets.com/Market-Reports/digital-twin-market-225269522.html
Fleet Management,ai_software,growing,Multi-robot coordination and orchestration,,,2026,medium,Extracted from technology research,"Cloud Robotics Research Report 2026 - Global $43+ Bn Market Trends, Opportunities, and Forecasts to 2031",https://www.globenewswire.com/news-release/2026/01/30/3229342/28124/en/Cloud-Robotics-Research-Report-2026-Global-43-Bn-Market-Trends-Opportunities-and-Forecasts-to-2031.html
Machine Learning,ai_software,growing,Neural networks and deep learning for robotics,,,2026,medium,Extracted from technology research,"Artificial Intelligence In Robotics Market Size Report, 2030",https://www.grandviewresearch.com/industry-analysis/artificial-intelligence-ai-robotics-market-report
ROS/ROS2,ai_software,mature,Robot Operating System middleware ecosystem,,,2026,medium,Extracted from technology research,"Robot Operating System Market Size, Share, Drivers & Opportunities 2025 â€“ 2030",https://www.mordorintelligence.com/industry-reports/robot-operating-system-market
Reinforcement Learning,ai_software,emerging,Learning robot behaviors through trial and error,,,2026,medium,Extracted from technology research,"Artificial Intelligence and Robotics in Aerospace and Defense Research Report 2026: $44.09 Bn Market Opportunities, Trends, Competitive Analysis, Strategies, Forecasts, 2020-2025, 2025-2030F, 2035F",https://www.globenewswire.com/news-release/2026/01/29/3228737/28124/en/Artificial-Intelligence-and-Robotics-in-Aerospace-and-Defense-Research-Report-2026-44-09-Bn-Market-Opportunities-Trends-Competitive-Analysis-Strategies-Forecasts-2020-2025-2025-203.html
5G Robotics,connectivity,emerging,Low-latency wireless control and cloud connectivity,,,2026,medium,Extracted from technology research,"Robotics Technology Market Size, Share & Growth Report 2035",https://www.researchnester.com/reports/robotics-technology-market/6366
Cloud Robotics,connectivity,growing,"Remote processing, updates, and fleet management",,,2026,medium,Extracted from technology research,"Cloud Robotics Research Report 2026 - Global $43+ Bn Market Trends, Opportunities, and Forecasts to 2031",https://www.globenewswire.com/news-release/2026/01/30/3229342/28124/en/Cloud-Robotics-Research-Report-2026-Global-43-Bn-Market-Trends-Opportunities-and-Forecasts-to-2031.html
Edge Computing,connectivity,growing,On-robot AI processing and inference,,,2026,medium,Extracted from technology research,Edge Computing Market Size to Surpass USD 867.41 Bn by 2035,https://www.cervicornconsulting.com/edge-computing-market
Dexterous Manipulation,emerging,growing,Auto-added from research: Dexterous Manipulation,,,2026,medium,Extracted from technology research,"Global Humanoid Robot Multi-fingered Dexterous Hand Market Research Report, Competitive, Technology and Forecast Analysis 2025-2032",https://www.dirmarketresearch.com/en/reports/humanoid-robot-multi-fingered-dexterous-hand-1912832091610472448
Force Torque Sensors,emerging,growing,Auto-added from research: Force Torque Sensors,,,2026,medium,Extracted from technology research,"Robot 6-axis Force Torque Sensor Market, Report Size, Worth, Revenue, Growth, Industry Value, Share 2025",https://reports.valuates.com/market-reports/QYRE-Auto-16S14521/global-robot-6-axis-force-torque-sensor
Dexterous Hands,manipulation,emerging,Human-like multi-finger manipulation,,,,,,,
Robotic Arms,manipulation,mature,"Articulated manipulators (6-axis, SCARA, delta)",,,2026,medium,Extracted from technology research,"Robotic Arm for Space Research Report 2026: $8+ Bn Market Opportunities, Trends, Competitive Analysis, Strategies, Forecasts, 2020-2025, 2025-2030F, 2035F",https://www.globenewswire.com/news-release/2026/01/28/3227639/28124/en/Robotic-Arm-for-Space-Research-Report-2026-8-Bn-Market-Opportunities-Trends-Competitive-Analysis-Strategies-Forecasts-2020-2025-2025-2030F-2035F.html
Robotic Grippers,manipulation,mature,"Mechanical, vacuum, and magnetic gripping systems",,,2026,medium,Extracted from technology research,Robotic Grippers Market Size & Forecast 2025 to 2035,https://www.futuremarketinsights.com/reports/robotic-grippers-market
Soft Robotics,manipulation,emerging,"Flexible, compliant robots and grippers",,,2026,medium,Extracted from technology research,In-Depth Industry Outlook: Soft Robotics Market Size & Forecast,https://www.verifiedmarketresearch.com/product/soft-robotics-market/
Autonomous Navigation,navigation,growing,Self-driving without fixed infrastructure,,,2026,medium,Extracted from technology research,"Autonomous Mobile Robots Market Size, Share, Industry, 2025 To 2030",https://www.marketsandmarkets.com/Market-Reports/autonomous-mobile-robots-market-107280537.html
GPS/RTK Navigation,navigation,mature,Precision outdoor positioning for agricultural/construction,,,,,,,
Path Planning,navigation,mature,Route optimization and motion planning algorithms,,,2026,medium,Extracted from technology research,"Agricultural Robot Industry Research Report 2026: $57.18 Bn Opportunities, Trends, Competitive Landscape, Strategies, and Forecasts, 2020-2025, 2025-2030F, 2035F",https://www.globenewswire.com/news-release/2026/01/27/3226228/28124/en/Agricultural-Robot-Industry-Research-Report-2026-57-18-Bn-Opportunities-Trends-Competitive-Landscape-Strategies-and-Forecasts-2020-2025-2025-2030F-2035F.html
SLAM,navigation,mature,Simultaneous Localization and Mapping,,,2026,medium,Extracted from technology research,"SLAM Technology Market Size, Share, trends 2033",https://www.marketgrowthreports.com/market-reports/slam-technology-maket-100047
3D Depth Sensors,perception,mature,Depth perception using structured light or ToF,,,2026,medium,Extracted from technology research,"3D Sensor Market Size, Share & Growth Report by 2034",https://straitsresearch.com/report/3d-sensor-market
Computer Vision,perception,mature,"Camera-based object detection, recognition, and tracking",,,2026,medium,Extracted from technology research,"Machine Vision Systems Research Report 2026: $23.88 Bn Market Opportunities, Trends, Competitive Analysis, Strategies, Forecasts, 2020-2025, 2025-2030F, 2035F",https://www.globenewswire.com/news-release/2026/01/28/3227470/28124/en/Machine-Vision-Systems-Research-Report-2026-23-88-Bn-Market-Opportunities-Trends-Competitive-Analysis-Strategies-Forecasts-2020-2025-2025-2030F-2035F.html
Force/Torque Sensors,perception,mature,Contact and pressure sensing for manipulation,,,,,,,
LiDAR,perception,mature,Light-based 3D mapping and distance measurement,,,2026,medium,Extracted from technology research,LiDAR Statistics and Facts (2026),https://scoop.market.us/lidar-statistics/
Tactile Sensors,perception,growing,Touch-based feedback for dexterous manipulation,,,2026,medium,Extracted from technology research,"Tactile Sensor Market Size, Share & 2030 Growth Trends Report",https://www.mordorintelligence.com/industry-reports/tactile-sensor-market
Collaborative Safety,safety,mature,"Force limiting, speed monitoring for human-robot collaboration",,,2026,medium,Extracted from technology research,Collaborative Robot Market Size Analysis & Trends 2030,https://www.mordorintelligence.com/industry-reports/collaborative-robot-market
Safety LiDAR,safety,mature,Zone-based safety systems and presence detection,,,2026,medium,Extracted from technology research,LiDAR Statistics and Facts (2026),https://scoop.market.us/lidar-statistics/
